file,line,type,commit,author,date,time,timezone,datetime,depth,length
style.css,1,css,efb2a03f,Lyn Mansfield,2026-04-05,17:22:06,-07:00,2026-04-05T17:22:06-07:00,0,5
style.css,2,css,efb2a03f,Lyn Mansfield,2026-04-05,17:22:06,-07:00,2026-04-05T17:22:06-07:00,1,33
style.css,3,css,5ade8ae1,Lyn Mansfield,2026-04-14,17:20:08,-07:00,2026-04-14T17:20:08-07:00,1,20
style.css,4,css,d2d7d8e7,Lyn Mansfield,2026-04-14,10:22:13,-07:00,2026-04-14T10:22:13-07:00,1,23
style.css,5,css,efb2a03f,Lyn Mansfield,2026-04-05,17:22:06,-07:00,2026-04-05T17:22:06-07:00,0,0
style.css,6,css,efb2a03f,Lyn Mansfield,2026-04-05,17:22:06,-07:00,2026-04-05T17:22:06-07:00,0,0
style.css,7,css,5ade8ae1,Lyn Mansfield,2026-04-14,17:20:08,-07:00,2026-04-14T17:20:08-07:00,0,10
style.css,8,css,5ade8ae1,Lyn Mansfield,2026-04-14,17:20:08,-07:00,2026-04-14T17:20:08-07:00,2,20
style.css,9,css,5ade8ae1,Lyn Mansfield,2026-04-14,17:20:08,-07:00,2026-04-14T17:20:08-07:00,0,0
style.css,10,css,5ade8ae1,Lyn Mansfield,2026-04-14,17:20:08,-07:00,2026-04-14T17:20:08-07:00,0,0
style.css,11,css,d09b0fdf,Lyn Mansfield,2026-04-05,17:36:21,-07:00,2026-04-05T17:36:21-07:00,0,83
style.css,12,css,79dd938f,Lyn Mansfield,2026-04-08,11:13:18,-07:00,2026-04-08T11:13:18-07:00,0,119
style.css,13,css,bdfe1195,Lyn Mansfield,2026-04-01,12:33:31,-07:00,2026-04-01T12:33:31-07:00,0,4
style.css,14,css,bdfe1195,Lyn Mansfield,2026-04-01,12:33:31,-07:00,2026-04-01T12:33:31-07:00,1,43
style.css,15,css,bdfe1195,Lyn Mansfield,2026-04-01,12:33:31,-07:00,2026-04-01T12:33:31-07:00,0,42
style.css,16,css,bdfe1195,Lyn Mansfield,2026-04-01,12:33:31,-07:00,2026-04-01T12:33:31-07:00,0,0
style.css,17,css,386d5d05,Lyn Mansfield,2026-04-05,16:17:11,-07:00,2026-04-05T16:17:11-07:00,1,15
style.css,18,css,a7238b50,Lyn Mansfield,2026-04-05,16:16:29,-07:00,2026-04-05T16:16:29-07:00,1,13
style.css,19,css,a7238b50,Lyn Mansfield,2026-04-05,16:16:29,-07:00,2026-04-05T16:16:29-07:00,1,10
style.css,20,css,a7238b50,Lyn Mansfield,2026-04-05,16:16:29,-07:00,2026-04-05T16:16:29-07:00,1,18
style.css,21,css,efb2a03f,Lyn Mansfield,2026-04-05,17:22:06,-07:00,2026-04-05T17:22:06-07:00,0,0
style.css,22,css,efb2a03f,Lyn Mansfield,2026-04-05,17:22:06,-07:00,2026-04-05T17:22:06-07:00,1,84
style.css,23,css,28ea04e4,Lyn Mansfield,2026-04-01,13:13:15,-07:00,2026-04-01T13:13:15-07:00,0,0
style.css,24,css,28ea04e4,Lyn Mansfield,2026-04-01,13:13:15,-07:00,2026-04-01T13:13:15-07:00,0,0
style.css,25,css,aceaf0cb,Lyn Mansfield,2026-04-05,17:40:34,-07:00,2026-04-05T17:40:34-07:00,0,26
style.css,26,css,c4ef9525,Lyn Mansfield,2026-04-06,13:02:20,-07:00,2026-04-06T13:02:20-07:00,0,4
style.css,27,css,aceaf0cb,Lyn Mansfield,2026-04-05,17:40:34,-07:00,2026-04-05T17:40:34-07:00,1,23
style.css,28,css,aceaf0cb,Lyn Mansfield,2026-04-05,17:40:34,-07:00,2026-04-05T17:40:34-07:00,1,32
style.css,29,css,08555980,Lyn Mansfield,2026-04-05,17:49:28,-07:00,2026-04-05T17:49:28-07:00,1,15
style.css,30,css,aceaf0cb,Lyn Mansfield,2026-04-05,17:40:34,-07:00,2026-04-05T17:40:34-07:00,1,17
style.css,31,css,aceaf0cb,Lyn Mansfield,2026-04-05,17:40:34,-07:00,2026-04-05T17:40:34-07:00,0,0
style.css,32,css,aceaf0cb,Lyn Mansfield,2026-04-05,17:40:34,-07:00,2026-04-05T17:40:34-07:00,0,0
style.css,33,css,3bb10a55,Lyn Mansfield,2026-04-05,16:28:19,-07:00,2026-04-05T16:28:19-07:00,0,3
style.css,34,css,9222be90,Lyn Mansfield,2026-04-14,10:10:09,-07:00,2026-04-14T10:10:09-07:00,1,39
style.css,35,css,a6784456,Lyn Mansfield,2026-04-14,09:56:07,-07:00,2026-04-14T09:56:07-07:00,0,0
style.css,36,css,5f1af784,Lyn Mansfield,2026-04-05,17:04:18,-07:00,2026-04-05T17:04:18-07:00,1,12
style.css,37,css,275d4e7e,Lyn Mansfield,2026-04-05,17:09:32,-07:00,2026-04-05T17:09:32-07:00,1,17
style.css,38,css,876ddf5e,Lyn Mansfield,2026-04-05,17:10:20,-07:00,2026-04-05T17:10:20-07:00,1,23
style.css,39,css,876ddf5e,Lyn Mansfield,2026-04-05,17:10:20,-07:00,2026-04-05T17:10:20-07:00,1,25
style.css,40,css,a6784456,Lyn Mansfield,2026-04-14,09:56:07,-07:00,2026-04-14T09:56:07-07:00,1,39
style.css,41,css,357a7753,Lyn Mansfield,2026-04-05,16:31:03,-07:00,2026-04-05T16:31:03-07:00,1,1
style.css,42,css,275d4e7e,Lyn Mansfield,2026-04-05,17:09:32,-07:00,2026-04-05T17:09:32-07:00,2,6
style.css,43,css,275d4e7e,Lyn Mansfield,2026-04-05,17:09:32,-07:00,2026-04-05T17:09:32-07:00,2,20
style.css,44,css,275d4e7e,Lyn Mansfield,2026-04-05,17:09:32,-07:00,2026-04-05T17:09:32-07:00,2,13
style.css,45,css,275d4e7e,Lyn Mansfield,2026-04-05,17:09:32,-07:00,2026-04-05T17:09:32-07:00,2,17
style.css,46,css,275d4e7e,Lyn Mansfield,2026-04-05,17:09:32,-07:00,2026-04-05T17:09:32-07:00,2,13
style.css,47,css,357a7753,Lyn Mansfield,2026-04-05,16:31:03,-07:00,2026-04-05T16:31:03-07:00,1,0
style.css,48,css,1639841c,Lyn Mansfield,2026-04-05,17:15:32,-07:00,2026-04-05T17:15:32-07:00,1,9
style.css,49,css,e46ed39b,Lyn Mansfield,2026-04-05,17:17:13,-07:00,2026-04-05T17:17:13-07:00,2,23
style.css,50,css,e46ed39b,Lyn Mansfield,2026-04-05,17:17:13,-07:00,2026-04-05T17:17:13-07:00,2,25
style.css,51,css,1639841c,Lyn Mansfield,2026-04-05,17:15:32,-07:00,2026-04-05T17:15:32-07:00,2,25
style.css,52,css,a6784456,Lyn Mansfield,2026-04-14,09:56:07,-07:00,2026-04-14T09:56:07-07:00,2,39
style.css,53,css,efb2a03f,Lyn Mansfield,2026-04-05,17:22:06,-07:00,2026-04-05T17:22:06-07:00,1,0
style.css,54,css,efb2a03f,Lyn Mansfield,2026-04-05,17:22:06,-07:00,2026-04-05T17:22:06-07:00,1,7
style.css,55,css,efb2a03f,Lyn Mansfield,2026-04-05,17:22:06,-07:00,2026-04-05T17:22:06-07:00,2,23
style.css,56,css,efb2a03f,Lyn Mansfield,2026-04-05,17:22:06,-07:00,2026-04-05T17:22:06-07:00,2,25
style.css,57,css,efb2a03f,Lyn Mansfield,2026-04-05,17:22:06,-07:00,2026-04-05T17:22:06-07:00,2,25
style.css,58,css,efb2a03f,Lyn Mansfield,2026-04-05,17:22:06,-07:00,2026-04-05T17:22:06-07:00,2,39
style.css,59,css,8e524230,Lyn Mansfield,2026-04-14,09:51:52,-07:00,2026-04-14T09:51:52-07:00,2,69
style.css,60,css,1639841c,Lyn Mansfield,2026-04-05,17:15:32,-07:00,2026-04-05T17:15:32-07:00,1,0
style.css,61,css,5f1af784,Lyn Mansfield,2026-04-05,17:04:18,-07:00,2026-04-05T17:04:18-07:00,0,0
style.css,62,css,3bb10a55,Lyn Mansfield,2026-04-05,16:28:19,-07:00,2026-04-05T16:28:19-07:00,1,2
style.css,63,css,3bb10a55,Lyn Mansfield,2026-04-05,16:28:19,-07:00,2026-04-05T16:28:19-07:00,2,16
style.css,64,css,3bb10a55,Lyn Mansfield,2026-04-05,16:28:19,-07:00,2026-04-05T16:28:19-07:00,1,0
style.css,65,css,3bb10a55,Lyn Mansfield,2026-04-05,16:28:19,-07:00,2026-04-05T16:28:19-07:00,1,2
style.css,66,css,3bb10a55,Lyn Mansfield,2026-04-05,16:28:19,-07:00,2026-04-05T16:28:19-07:00,2,16
style.css,67,css,3bb10a55,Lyn Mansfield,2026-04-05,16:28:19,-07:00,2026-04-05T16:28:19-07:00,1,0
style.css,68,css,3bb10a55,Lyn Mansfield,2026-04-05,16:28:19,-07:00,2026-04-05T16:28:19-07:00,0,0
style.css,69,css,3bb10a55,Lyn Mansfield,2026-04-05,16:28:19,-07:00,2026-04-05T16:28:19-07:00,0,0
style.css,70,css,fef1dbf4,Lyn Mansfield,2026-04-14,10:17:07,-07:00,2026-04-14T10:17:07-07:00,0,13
style.css,71,css,fef1dbf4,Lyn Mansfield,2026-04-14,10:17:07,-07:00,2026-04-14T10:17:07-07:00,1,17
style.css,72,css,fef1dbf4,Lyn Mansfield,2026-04-14,10:17:07,-07:00,2026-04-14T10:17:07-07:00,1,8
style.css,73,css,fef1dbf4,Lyn Mansfield,2026-04-14,10:17:07,-07:00,2026-04-14T10:17:07-07:00,1,10
style.css,74,css,fef1dbf4,Lyn Mansfield,2026-04-14,10:17:07,-07:00,2026-04-14T10:17:07-07:00,0,0
style.css,75,css,fef1dbf4,Lyn Mansfield,2026-04-14,10:17:07,-07:00,2026-04-14T10:17:07-07:00,0,0
style.css,76,css,996517ea,Lyn Mansfield,2026-04-05,17:30:35,-07:00,2026-04-05T17:30:35-07:00,0,4
style.css,77,css,08555980,Lyn Mansfield,2026-04-05,17:49:28,-07:00,2026-04-05T17:49:28-07:00,1,12
style.css,78,css,08555980,Lyn Mansfield,2026-04-05,17:49:28,-07:00,2026-04-05T17:49:28-07:00,1,30
style.css,79,css,aa06d989,Lyn Mansfield,2026-04-05,17:50:07,-07:00,2026-04-05T17:50:07-07:00,1,7
style.css,80,css,08555980,Lyn Mansfield,2026-04-05,17:49:28,-07:00,2026-04-05T17:49:28-07:00,1,0
style.css,81,css,7dc375f0,Lyn Mansfield,2026-04-05,18:02:14,-07:00,2026-04-05T18:02:14-07:00,1,5
style.css,82,css,08555980,Lyn Mansfield,2026-04-05,17:49:28,-07:00,2026-04-05T17:49:28-07:00,2,12
style.css,83,css,08555980,Lyn Mansfield,2026-04-05,17:49:28,-07:00,2026-04-05T17:49:28-07:00,2,29
style.css,84,css,08555980,Lyn Mansfield,2026-04-05,17:49:28,-07:00,2026-04-05T17:49:28-07:00,2,18
style.css,85,css,08555980,Lyn Mansfield,2026-04-05,17:49:28,-07:00,2026-04-05T17:49:28-07:00,1,0
style.css,86,css,08555980,Lyn Mansfield,2026-04-05,17:49:28,-07:00,2026-04-05T17:49:28-07:00,0,0
style.css,87,css,7dc375f0,Lyn Mansfield,2026-04-05,18:02:14,-07:00,2026-04-05T18:02:14-07:00,1,6
style.css,88,css,7dc375f0,Lyn Mansfield,2026-04-05,18:02:14,-07:00,2026-04-05T18:02:14-07:00,2,18
style.css,89,css,7dc375f0,Lyn Mansfield,2026-04-05,18:02:14,-07:00,2026-04-05T18:02:14-07:00,1,0
style.css,90,css,7dc375f0,Lyn Mansfield,2026-04-05,18:02:14,-07:00,2026-04-05T18:02:14-07:00,0,0
style.css,91,css,3e547f34,Lyn Mansfield,2026-04-14,16:58:28,-07:00,2026-04-14T16:58:28-07:00,1,31
style.css,92,css,08555980,Lyn Mansfield,2026-04-05,17:49:28,-07:00,2026-04-05T17:49:28-07:00,2,17
style.css,93,css,8d15bca3,Lyn Mansfield,2026-04-05,17:43:35,-07:00,2026-04-05T17:43:35-07:00,2,13
style.css,94,css,8d15bca3,Lyn Mansfield,2026-04-05,17:43:35,-07:00,2026-04-05T17:43:35-07:00,2,10
style.css,95,css,8d15bca3,Lyn Mansfield,2026-04-05,17:43:35,-07:00,2026-04-05T17:43:35-07:00,2,21
style.css,96,css,8d15bca3,Lyn Mansfield,2026-04-05,17:43:35,-07:00,2026-04-05T17:43:35-07:00,2,18
style.css,97,css,08555980,Lyn Mansfield,2026-04-05,17:49:28,-07:00,2026-04-05T17:49:28-07:00,2,0
style.css,98,css,d09b0fdf,Lyn Mansfield,2026-04-05,17:36:21,-07:00,2026-04-05T17:36:21-07:00,0,0
style.css,99,css,996517ea,Lyn Mansfield,2026-04-05,17:30:35,-07:00,2026-04-05T17:30:35-07:00,2,12
style.css,100,css,996517ea,Lyn Mansfield,2026-04-05,17:30:35,-07:00,2026-04-05T17:30:35-07:00,1,0
style.css,101,css,996517ea,Lyn Mansfield,2026-04-05,17:30:35,-07:00,2026-04-05T17:30:35-07:00,0,0
style.css,102,css,996517ea,Lyn Mansfield,2026-04-05,17:30:35,-07:00,2026-04-05T17:30:35-07:00,0,0
style.css,103,css,c4ef9525,Lyn Mansfield,2026-04-06,13:02:20,-07:00,2026-04-06T13:02:20-07:00,0,10
style.css,104,css,28ea04e4,Lyn Mansfield,2026-04-01,13:13:15,-07:00,2026-04-01T13:13:15-07:00,2,69
style.css,105,css,5ac01bb8,Lyn Mansfield,2026-04-01,15:37:15,-07:00,2026-04-01T15:37:15-07:00,0,0
style.css,106,css,5ac01bb8,Lyn Mansfield,2026-04-01,15:37:15,-07:00,2026-04-01T15:37:15-07:00,0,0
style.css,107,css,d77dd356,Lyn Mansfield,2026-04-05,18:19:53,-07:00,2026-04-05T18:19:53-07:00,0,3
style.css,108,css,49a82a10,Lyn Mansfield,2026-04-05,18:08:57,-07:00,2026-04-05T18:08:57-07:00,1,36
style.css,109,css,5a28515e,Lyn Mansfield,2026-04-27,16:17:27,-07:00,2026-04-27T16:17:27-07:00,1,18
style.css,110,css,697f77e3,Lyn Mansfield,2026-04-09,16:40:30,-07:00,2026-04-09T16:40:30-07:00,0,0
style.css,111,css,697f77e3,Lyn Mansfield,2026-04-09,16:40:30,-07:00,2026-04-09T16:40:30-07:00,0,9
style.css,112,css,697f77e3,Lyn Mansfield,2026-04-09,16:40:30,-07:00,2026-04-09T16:40:30-07:00,1,10
style.css,113,css,697f77e3,Lyn Mansfield,2026-04-09,16:40:30,-07:00,2026-04-09T16:40:30-07:00,1,13
style.css,114,css,9dbee70b,Lyn Mansfield,2026-04-05,18:06:29,-07:00,2026-04-05T18:06:29-07:00,0,0
style.css,115,css,9dbee70b,Lyn Mansfield,2026-04-05,18:06:29,-07:00,2026-04-05T18:06:29-07:00,0,0
style.css,116,css,1dad8eeb,Lyn Mansfield,2026-04-22,11:20:07,-07:00,2026-04-22T11:20:07-07:00,0,26
style.css,117,css,1dad8eeb,Lyn Mansfield,2026-04-22,11:20:07,-07:00,2026-04-22T11:20:07-07:00,0,9
style.css,118,css,eb3247f0,Lyn Mansfield,2026-04-22,11:30:28,-07:00,2026-04-22T11:30:28-07:00,1,18
style.css,119,css,eb3247f0,Lyn Mansfield,2026-04-22,11:30:28,-07:00,2026-04-22T11:30:28-07:00,1,36
style.css,120,css,5df1e74d,Lyn Mansfield,2026-04-24,12:08:42,-07:00,2026-04-24T12:08:42-07:00,1,11
style.css,121,css,5df1e74d,Lyn Mansfield,2026-04-24,12:08:42,-07:00,2026-04-24T12:08:42-07:00,1,17
style.css,122,css,7ef6d83a,Lyn Mansfield,2026-04-22,11:36:51,-07:00,2026-04-22T11:36:51-07:00,0,0
style.css,123,css,1dad8eeb,Lyn Mansfield,2026-04-22,11:20:07,-07:00,2026-04-22T11:20:07-07:00,1,3
style.css,124,css,1dad8eeb,Lyn Mansfield,2026-04-22,11:20:07,-07:00,2026-04-22T11:20:07-07:00,2,12
style.css,125,css,1dad8eeb,Lyn Mansfield,2026-04-22,11:20:07,-07:00,2026-04-22T11:20:07-07:00,2,22
style.css,126,css,1dad8eeb,Lyn Mansfield,2026-04-22,11:20:07,-07:00,2026-04-22T11:20:07-07:00,2,11
style.css,127,css,1dad8eeb,Lyn Mansfield,2026-04-22,11:20:07,-07:00,2026-04-22T11:20:07-07:00,1,0
style.css,128,css,1dad8eeb,Lyn Mansfield,2026-04-22,11:20:07,-07:00,2026-04-22T11:20:07-07:00,0,0
style.css,129,css,1dad8eeb,Lyn Mansfield,2026-04-22,11:20:07,-07:00,2026-04-22T11:20:07-07:00,0,0
style.css,130,css,1e36f8c9,Lyn Mansfield,2026-04-22,10:47:28,-07:00,2026-04-22T10:47:28-07:00,0,16
style.css,131,css,f23b1a2f,Lyn Mansfield,2026-04-22,10:02:51,-07:00,2026-04-22T10:02:51-07:00,0,2
style.css,132,css,1e36f8c9,Lyn Mansfield,2026-04-22,10:47:28,-07:00,2026-04-22T10:47:28-07:00,1,12
style.css,133,css,1e36f8c9,Lyn Mansfield,2026-04-22,10:47:28,-07:00,2026-04-22T10:47:28-07:00,1,67
style.css,134,css,1e36f8c9,Lyn Mansfield,2026-04-22,10:47:28,-07:00,2026-04-22T10:47:28-07:00,1,8
style.css,135,css,1e36f8c9,Lyn Mansfield,2026-04-22,10:47:28,-07:00,2026-04-22T10:47:28-07:00,0,0
style.css,136,css,1e36f8c9,Lyn Mansfield,2026-04-22,10:47:28,-07:00,2026-04-22T10:47:28-07:00,0,2
style.css,137,css,1e36f8c9,Lyn Mansfield,2026-04-22,10:47:28,-07:00,2026-04-22T10:47:28-07:00,1,10
style.css,138,css,7ef6d83a,Lyn Mansfield,2026-04-22,11:36:51,-07:00,2026-04-22T11:36:51-07:00,1,17
style.css,139,css,7ef6d83a,Lyn Mansfield,2026-04-22,11:36:51,-07:00,2026-04-22T11:36:51-07:00,0,0
style.css,140,css,7ef6d83a,Lyn Mansfield,2026-04-22,11:36:51,-07:00,2026-04-22T11:36:51-07:00,1,19
style.css,141,css,1dad8eeb,Lyn Mansfield,2026-04-22,11:20:07,-07:00,2026-04-22T11:20:07-07:00,0,0
style.css,142,css,1dad8eeb,Lyn Mansfield,2026-04-22,11:20:07,-07:00,2026-04-22T11:20:07-07:00,1,12
style.css,143,css,1dad8eeb,Lyn Mansfield,2026-04-22,11:20:07,-07:00,2026-04-22T11:20:07-07:00,1,22
style.css,144,css,1dad8eeb,Lyn Mansfield,2026-04-22,11:20:07,-07:00,2026-04-22T11:20:07-07:00,1,18
style.css,145,css,1dad8eeb,Lyn Mansfield,2026-04-22,11:20:07,-07:00,2026-04-22T11:20:07-07:00,1,36
style.css,146,css,ab758a1b,Lyn Mansfield,2026-04-24,22:08:28,-07:00,2026-04-24T22:08:28-07:00,1,17
style.css,147,css,1e36f8c9,Lyn Mansfield,2026-04-22,10:47:28,-07:00,2026-04-22T10:47:28-07:00,0,0
style.css,148,css,1e36f8c9,Lyn Mansfield,2026-04-22,10:47:28,-07:00,2026-04-22T10:47:28-07:00,0,2
style.css,149,css,1e36f8c9,Lyn Mansfield,2026-04-22,10:47:28,-07:00,2026-04-22T10:47:28-07:00,1,10
style.css,150,css,1e36f8c9,Lyn Mansfield,2026-04-22,10:47:28,-07:00,2026-04-22T10:47:28-07:00,1,8
style.css,151,css,1dad8eeb,Lyn Mansfield,2026-04-22,11:20:07,-07:00,2026-04-22T11:20:07-07:00,0,0
style.css,152,css,7ef6d83a,Lyn Mansfield,2026-04-22,11:36:51,-07:00,2026-04-22T11:36:51-07:00,1,13
style.css,153,css,7ef6d83a,Lyn Mansfield,2026-04-22,11:36:51,-07:00,2026-04-22T11:36:51-07:00,1,16
style.css,154,css,7ef6d83a,Lyn Mansfield,2026-04-22,11:36:51,-07:00,2026-04-22T11:36:51-07:00,0,0
style.css,155,css,1dad8eeb,Lyn Mansfield,2026-04-22,11:20:07,-07:00,2026-04-22T11:20:07-07:00,1,12
style.css,156,css,1dad8eeb,Lyn Mansfield,2026-04-22,11:20:07,-07:00,2026-04-22T11:20:07-07:00,1,22
style.css,157,css,1dad8eeb,Lyn Mansfield,2026-04-22,11:20:07,-07:00,2026-04-22T11:20:07-07:00,1,18
style.css,158,css,f23b1a2f,Lyn Mansfield,2026-04-22,10:02:51,-07:00,2026-04-22T10:02:51-07:00,0,0
style.css,159,css,f23b1a2f,Lyn Mansfield,2026-04-22,10:02:51,-07:00,2026-04-22T10:02:51-07:00,0,0
style.css,160,css,1e36f8c9,Lyn Mansfield,2026-04-22,10:47:28,-07:00,2026-04-22T10:47:28-07:00,0,10
style.css,161,css,02b95b85,Lyn Mansfield,2026-04-08,12:04:20,-07:00,2026-04-08T12:04:20-07:00,0,2
style.css,162,css,02b95b85,Lyn Mansfield,2026-04-08,12:04:20,-07:00,2026-04-08T12:04:20-07:00,2,13
style.css,163,css,b4e04ab6,Lyn Mansfield,2026-04-09,16:16:49,-07:00,2026-04-09T16:16:49-07:00,2,10
style.css,164,css,fa3cc0da,Lyn Mansfield,2026-04-09,16:18:44,-07:00,2026-04-09T16:18:44-07:00,2,8
style.css,165,css,fa3cc0da,Lyn Mansfield,2026-04-09,16:18:44,-07:00,2026-04-09T16:18:44-07:00,2,16
style.css,166,css,02b95b85,Lyn Mansfield,2026-04-08,12:04:20,-07:00,2026-04-08T12:04:20-07:00,2,9
style.css,167,css,52744043,Lyn Mansfield,2026-04-14,17:20:44,-07:00,2026-04-14T17:20:44-07:00,2,36
style.css,168,css,02b95b85,Lyn Mansfield,2026-04-08,12:04:20,-07:00,2026-04-08T12:04:20-07:00,0,0
style.css,169,css,02b95b85,Lyn Mansfield,2026-04-08,12:04:20,-07:00,2026-04-08T12:04:20-07:00,0,0
style.css,170,css,76dedb27,Lyn Mansfield,2026-04-29,20:29:43,-07:00,2026-04-29T20:29:43-07:00,0,4
style.css,171,css,76dedb27,Lyn Mansfield,2026-04-29,20:29:43,-07:00,2026-04-29T20:29:43-07:00,1,12
style.css,172,css,76dedb27,Lyn Mansfield,2026-04-29,20:29:43,-07:00,2026-04-29T20:29:43-07:00,1,18
style.css,173,css,76dedb27,Lyn Mansfield,2026-04-29,20:29:43,-07:00,2026-04-29T20:29:43-07:00,1,18
style.css,174,css,76dedb27,Lyn Mansfield,2026-04-29,20:29:43,-07:00,2026-04-29T20:29:43-07:00,0,0
style.css,175,css,76dedb27,Lyn Mansfield,2026-04-29,20:29:43,-07:00,2026-04-29T20:29:43-07:00,0,0
style.css,176,css,23d6f77f,Lyn Mansfield,2026-04-29,16:16:36,-07:00,2026-04-29T16:16:36-07:00,0,7
style.css,177,css,23d6f77f,Lyn Mansfield,2026-04-29,16:16:36,-07:00,2026-04-29T16:16:36-07:00,1,12
style.css,178,css,23d6f77f,Lyn Mansfield,2026-04-29,16:16:36,-07:00,2026-04-29T16:16:36-07:00,1,21
style.css,179,css,23d6f77f,Lyn Mansfield,2026-04-29,16:16:36,-07:00,2026-04-29T16:16:36-07:00,0,0
style.css,180,css,23d6f77f,Lyn Mansfield,2026-04-29,16:16:36,-07:00,2026-04-29T16:16:36-07:00,0,0
style.css,181,css,5ac01bb8,Lyn Mansfield,2026-04-01,15:37:15,-07:00,2026-04-01T15:37:15-07:00,0,7
style.css,182,css,23d6f77f,Lyn Mansfield,2026-04-29,16:16:36,-07:00,2026-04-29T16:16:36-07:00,1,12
style.css,183,css,23d6f77f,Lyn Mansfield,2026-04-29,16:16:36,-07:00,2026-04-29T16:16:36-07:00,1,22
style.css,184,css,23d6f77f,Lyn Mansfield,2026-04-29,16:16:36,-07:00,2026-04-29T16:16:36-07:00,1,18
style.css,185,css,23d6f77f,Lyn Mansfield,2026-04-29,16:16:36,-07:00,2026-04-29T16:16:36-07:00,1,11
style.css,186,css,51faa8d9,Lyn Mansfield,2026-04-06,11:45:41,-07:00,2026-04-06T11:45:41-07:00,0,0
style.css,187,css,51faa8d9,Lyn Mansfield,2026-04-06,11:45:41,-07:00,2026-04-06T11:45:41-07:00,0,0
style.css,188,css,549ce748,Lyn Mansfield,2026-04-09,16:03:27,-07:00,2026-04-09T16:03:27-07:00,0,13
style.css,189,css,549ce748,Lyn Mansfield,2026-04-09,16:03:27,-07:00,2026-04-09T16:03:27-07:00,1,12
style.css,190,css,549ce748,Lyn Mansfield,2026-04-09,16:03:27,-07:00,2026-04-09T16:03:27-07:00,1,10
style.css,191,css,549ce748,Lyn Mansfield,2026-04-09,16:03:27,-07:00,2026-04-09T16:03:27-07:00,1,28
style.css,192,css,549ce748,Lyn Mansfield,2026-04-09,16:03:27,-07:00,2026-04-09T16:03:27-07:00,0,0
style.css,193,css,549ce748,Lyn Mansfield,2026-04-09,16:03:27,-07:00,2026-04-09T16:03:27-07:00,0,0
style.css,194,css,549ce748,Lyn Mansfield,2026-04-09,16:03:27,-07:00,2026-04-09T16:03:27-07:00,0,14
style.css,195,css,cb6edb27,Lyn Mansfield,2026-04-08,10:28:23,-07:00,2026-04-08T10:28:23-07:00,1,12
style.css,196,css,9b99ac4c,Lyn Mansfield,2026-04-09,15:44:45,-07:00,2026-04-09T15:44:45-07:00,1,10
style.css,197,css,cb6edb27,Lyn Mansfield,2026-04-08,10:28:23,-07:00,2026-04-08T10:28:23-07:00,1,29
style.css,198,css,cb6edb27,Lyn Mansfield,2026-04-08,10:28:23,-07:00,2026-04-08T10:28:23-07:00,0,0
style.css,199,css,cb6edb27,Lyn Mansfield,2026-04-08,10:28:23,-07:00,2026-04-08T10:28:23-07:00,0,0
style.css,200,css,cb6edb27,Lyn Mansfield,2026-04-08,10:28:23,-07:00,2026-04-08T10:28:23-07:00,0,7
style.css,201,css,49bda5e2,Lyn Mansfield,2026-04-09,16:07:35,-07:00,2026-04-09T16:07:35-07:00,1,14
style.css,202,css,5ade8ae1,Lyn Mansfield,2026-04-14,17:20:08,-07:00,2026-04-14T17:20:08-07:00,2,36
style.css,203,css,a92af44f,Lyn Mansfield,2026-04-09,16:31:29,-07:00,2026-04-09T16:31:29-07:00,2,11
style.css,204,css,49bda5e2,Lyn Mansfield,2026-04-09,16:07:35,-07:00,2026-04-09T16:07:35-07:00,2,10
style.css,205,css,49bda5e2,Lyn Mansfield,2026-04-09,16:07:35,-07:00,2026-04-09T16:07:35-07:00,2,13
style.css,206,css,49bda5e2,Lyn Mansfield,2026-04-09,16:07:35,-07:00,2026-04-09T16:07:35-07:00,1,0
style.css,207,css,49bda5e2,Lyn Mansfield,2026-04-09,16:07:35,-07:00,2026-04-09T16:07:35-07:00,0,0
style.css,208,css,86bbb32b,Lyn Mansfield,2026-04-09,16:25:45,-07:00,2026-04-09T16:25:45-07:00,1,6
style.css,209,css,86bbb32b,Lyn Mansfield,2026-04-09,16:25:45,-07:00,2026-04-09T16:25:45-07:00,2,17
style.css,210,css,86bbb32b,Lyn Mansfield,2026-04-09,16:25:45,-07:00,2026-04-09T16:25:45-07:00,0,0
style.css,211,css,86bbb32b,Lyn Mansfield,2026-04-09,16:25:45,-07:00,2026-04-09T16:25:45-07:00,2,2
style.css,212,css,86bbb32b,Lyn Mansfield,2026-04-09,16:25:45,-07:00,2026-04-09T16:25:45-07:00,3,18
style.css,213,css,86bbb32b,Lyn Mansfield,2026-04-09,16:25:45,-07:00,2026-04-09T16:25:45-07:00,2,0
style.css,214,css,86bbb32b,Lyn Mansfield,2026-04-09,16:25:45,-07:00,2026-04-09T16:25:45-07:00,1,0
style.css,215,css,86bbb32b,Lyn Mansfield,2026-04-09,16:25:45,-07:00,2026-04-09T16:25:45-07:00,0,0
style.css,216,css,7185a840,Lyn Mansfield,2026-04-08,11:36:34,-07:00,2026-04-08T11:36:34-07:00,1,7
style.css,217,css,7185a840,Lyn Mansfield,2026-04-08,11:36:34,-07:00,2026-04-08T11:36:34-07:00,2,9
style.css,218,css,7185a840,Lyn Mansfield,2026-04-08,11:36:34,-07:00,2026-04-08T11:36:34-07:00,1,0
style.css,219,css,7185a840,Lyn Mansfield,2026-04-08,11:36:34,-07:00,2026-04-08T11:36:34-07:00,1,7
style.css,220,css,7185a840,Lyn Mansfield,2026-04-08,11:36:34,-07:00,2026-04-08T11:36:34-07:00,2,9
style.css,221,css,7185a840,Lyn Mansfield,2026-04-08,11:36:34,-07:00,2026-04-08T11:36:34-07:00,1,0
style.css,222,css,7185a840,Lyn Mansfield,2026-04-08,11:36:34,-07:00,2026-04-08T11:36:34-07:00,0,0
style.css,223,css,cb6edb27,Lyn Mansfield,2026-04-08,10:28:23,-07:00,2026-04-08T10:28:23-07:00,1,2
style.css,224,css,49bda5e2,Lyn Mansfield,2026-04-09,16:07:35,-07:00,2026-04-09T16:07:35-07:00,2,22
style.css,225,css,cb6edb27,Lyn Mansfield,2026-04-08,10:28:23,-07:00,2026-04-08T10:28:23-07:00,1,0
style.css,226,css,cb6edb27,Lyn Mansfield,2026-04-08,10:28:23,-07:00,2026-04-08T10:28:23-07:00,0,0
style.css,227,css,79dd938f,Lyn Mansfield,2026-04-08,11:13:18,-07:00,2026-04-08T11:13:18-07:00,1,10
style.css,228,css,79dd938f,Lyn Mansfield,2026-04-08,11:13:18,-07:00,2026-04-08T11:13:18-07:00,2,32
style.css,229,css,1628bb72,Lyn Mansfield,2026-04-08,12:11:16,-07:00,2026-04-08T12:11:16-07:00,2,15
style.css,230,css,a8b96a14,Lyn Mansfield,2026-04-08,12:13:40,-07:00,2026-04-08T12:13:40-07:00,0,0
style.css,231,css,a8b96a14,Lyn Mansfield,2026-04-08,12:13:40,-07:00,2026-04-08T12:13:40-07:00,2,8
style.css,232,css,a8b96a14,Lyn Mansfield,2026-04-08,12:13:40,-07:00,2026-04-08T12:13:40-07:00,2,9
style.css,233,css,79dd938f,Lyn Mansfield,2026-04-08,11:13:18,-07:00,2026-04-08T11:13:18-07:00,1,0
style.css,234,css,79dd938f,Lyn Mansfield,2026-04-08,11:13:18,-07:00,2026-04-08T11:13:18-07:00,0,0
style.css,235,css,86bbb32b,Lyn Mansfield,2026-04-09,16:25:45,-07:00,2026-04-09T16:25:45-07:00,0,0
style.css,236,css,f8c751da,Lyn Mansfield,2026-04-08,11:32:39,-07:00,2026-04-08T11:32:39-07:00,1,2
style.css,237,css,f8c751da,Lyn Mansfield,2026-04-08,11:32:39,-07:00,2026-04-08T11:32:39-07:00,2,20
style.css,238,css,f8c751da,Lyn Mansfield,2026-04-08,11:32:39,-07:00,2026-04-08T11:32:39-07:00,1,0
style.css,239,css,cb6edb27,Lyn Mansfield,2026-04-08,10:28:23,-07:00,2026-04-08T10:28:23-07:00,1,10
style.css,240,css,114b9dc5,Lyn Mansfield,2026-04-08,11:43:36,-07:00,2026-04-08T11:43:36-07:00,2,11
style.css,241,css,cb6edb27,Lyn Mansfield,2026-04-08,10:28:23,-07:00,2026-04-08T10:28:23-07:00,1,0
style.css,242,css,cb6edb27,Lyn Mansfield,2026-04-08,10:28:23,-07:00,2026-04-08T10:28:23-07:00,0,0
style.css,243,css,cb6edb27,Lyn Mansfield,2026-04-08,10:28:23,-07:00,2026-04-08T10:28:23-07:00,0,0
style.css,244,css,51faa8d9,Lyn Mansfield,2026-04-06,11:45:41,-07:00,2026-04-06T11:45:41-07:00,0,9
style.css,245,css,51faa8d9,Lyn Mansfield,2026-04-06,11:45:41,-07:00,2026-04-06T11:45:41-07:00,1,12
style.css,246,css,51faa8d9,Lyn Mansfield,2026-04-06,11:45:41,-07:00,2026-04-06T11:45:41-07:00,1,58
style.css,247,css,1dad8eeb,Lyn Mansfield,2026-04-22,11:20:07,-07:00,2026-04-22T11:20:07-07:00,1,19
style.css,248,css,67609907,Lyn Mansfield,2026-04-07,09:40:41,-07:00,2026-04-07T09:40:41-07:00,0,0
style.css,249,css,67609907,Lyn Mansfield,2026-04-07,09:40:41,-07:00,2026-04-07T09:40:41-07:00,1,7
style.css,250,css,67609907,Lyn Mansfield,2026-04-07,09:40:41,-07:00,2026-04-07T09:40:41-07:00,2,12
style.css,251,css,67609907,Lyn Mansfield,2026-04-07,09:40:41,-07:00,2026-04-07T09:40:41-07:00,2,26
style.css,252,css,67609907,Lyn Mansfield,2026-04-07,09:40:41,-07:00,2026-04-07T09:40:41-07:00,2,15
style.css,253,css,67609907,Lyn Mansfield,2026-04-07,09:40:41,-07:00,2026-04-07T09:40:41-07:00,2,7
style.css,254,css,67609907,Lyn Mansfield,2026-04-07,09:40:41,-07:00,2026-04-07T09:40:41-07:00,1,0
style.css,255,css,67609907,Lyn Mansfield,2026-04-07,09:40:41,-07:00,2026-04-07T09:40:41-07:00,1,2
style.css,256,css,7ef2e289,Lyn Mansfield,2026-04-22,14:07:51,-07:00,2026-04-22T14:07:51-07:00,2,12
style.css,257,css,7ef2e289,Lyn Mansfield,2026-04-22,14:07:51,-07:00,2026-04-22T14:07:51-07:00,2,22
style.css,258,css,7ef2e289,Lyn Mansfield,2026-04-22,14:07:51,-07:00,2026-04-22T14:07:51-07:00,2,18
style.css,259,css,67609907,Lyn Mansfield,2026-04-07,09:40:41,-07:00,2026-04-07T09:40:41-07:00,2,8
style.css,260,css,67609907,Lyn Mansfield,2026-04-07,09:40:41,-07:00,2026-04-07T09:40:41-07:00,1,0
style.css,261,css,5df1e74d,Lyn Mansfield,2026-04-24,12:08:42,-07:00,2026-04-24T12:08:42-07:00,1,3
style.css,262,css,7fede235,Lyn Mansfield,2026-04-22,17:03:47,-07:00,2026-04-22T17:03:47-07:00,2,36
style.css,263,css,7fede235,Lyn Mansfield,2026-04-22,17:03:47,-07:00,2026-04-22T17:03:47-07:00,2,11
style.css,264,css,7ef2e289,Lyn Mansfield,2026-04-22,14:07:51,-07:00,2026-04-22T14:07:51-07:00,1,0
style.css,265,css,2dccb304,Lyn Mansfield,2026-04-27,15:12:54,-07:00,2026-04-27T15:12:54-07:00,0,0
style.css,266,css,2dccb304,Lyn Mansfield,2026-04-27,15:12:54,-07:00,2026-04-27T15:12:54-07:00,0,0
style.css,267,css,2dccb304,Lyn Mansfield,2026-04-27,15:12:54,-07:00,2026-04-27T15:12:54-07:00,0,18
style.css,268,css,2dccb304,Lyn Mansfield,2026-04-27,15:12:54,-07:00,2026-04-27T15:12:54-07:00,1,14
style.css,269,css,2dccb304,Lyn Mansfield,2026-04-27,15:12:54,-07:00,2026-04-27T15:12:54-07:00,1,16
style.css,270,css,3de776fc,Lyn Mansfield,2026-04-28,12:40:15,-07:00,2026-04-28T12:40:15-07:00,1,11
style.css,271,css,2dccb304,Lyn Mansfield,2026-04-27,15:12:54,-07:00,2026-04-27T15:12:54-07:00,0,0
style.css,272,css,2dccb304,Lyn Mansfield,2026-04-27,15:12:54,-07:00,2026-04-27T15:12:54-07:00,1,16
style.css,273,css,d4f128da,Lyn Mansfield,2026-04-29,15:11:08,-07:00,2026-04-29T15:11:08-07:00,0,0
style.css,274,css,d4f128da,Lyn Mansfield,2026-04-29,15:11:08,-07:00,2026-04-29T15:11:08-07:00,1,4
style.css,275,css,d4f128da,Lyn Mansfield,2026-04-29,15:11:08,-07:00,2026-04-29T15:11:08-07:00,2,16
style.css,276,css,f613edf2,Lyn Mansfield,2026-04-29,15:17:30,-07:00,2026-04-29T15:17:30-07:00,2,14
style.css,277,css,d4f128da,Lyn Mansfield,2026-04-29,15:11:08,-07:00,2026-04-29T15:11:08-07:00,1,0
style.css,278,css,d4f128da,Lyn Mansfield,2026-04-29,15:11:08,-07:00,2026-04-29T15:11:08-07:00,0,0
style.css,279,css,d4f128da,Lyn Mansfield,2026-04-29,15:11:08,-07:00,2026-04-29T15:11:08-07:00,1,9
style.css,280,css,d4f128da,Lyn Mansfield,2026-04-29,15:11:08,-07:00,2026-04-29T15:11:08-07:00,2,35
style.css,281,css,d4f128da,Lyn Mansfield,2026-04-29,15:11:08,-07:00,2026-04-29T15:11:08-07:00,0,0
style.css,282,css,d4f128da,Lyn Mansfield,2026-04-29,15:11:08,-07:00,2026-04-29T15:11:08-07:00,2,10
style.css,283,css,d4f128da,Lyn Mansfield,2026-04-29,15:11:08,-07:00,2026-04-29T15:11:08-07:00,3,17
style.css,284,css,d4f128da,Lyn Mansfield,2026-04-29,15:11:08,-07:00,2026-04-29T15:11:08-07:00,2,0
style.css,285,css,d4f128da,Lyn Mansfield,2026-04-29,15:11:08,-07:00,2026-04-29T15:11:08-07:00,1,0
style.css,286,css,d4f128da,Lyn Mansfield,2026-04-29,15:11:08,-07:00,2026-04-29T15:11:08-07:00,0,0
style.css,287,css,d4f128da,Lyn Mansfield,2026-04-29,15:11:08,-07:00,2026-04-29T15:11:08-07:00,1,17
style.css,288,css,d4f128da,Lyn Mansfield,2026-04-29,15:11:08,-07:00,2026-04-29T15:11:08-07:00,2,16
style.css,289,css,d4f128da,Lyn Mansfield,2026-04-29,15:11:08,-07:00,2026-04-29T15:11:08-07:00,3,11
style.css,290,css,d4f128da,Lyn Mansfield,2026-04-29,15:11:08,-07:00,2026-04-29T15:11:08-07:00,2,0
style.css,291,css,d4f128da,Lyn Mansfield,2026-04-29,15:11:08,-07:00,2026-04-29T15:11:08-07:00,1,0
style.css,292,css,5a28515e,Lyn Mansfield,2026-04-27,16:17:27,-07:00,2026-04-27T16:17:27-07:00,0,0
style.css,293,css,5a28515e,Lyn Mansfield,2026-04-27,16:17:27,-07:00,2026-04-27T16:17:27-07:00,0,0
style.css,294,css,5a28515e,Lyn Mansfield,2026-04-27,16:17:27,-07:00,2026-04-27T16:17:27-07:00,0,7
style.css,295,css,6199a282,Lyn Mansfield,2026-04-28,10:37:02,-07:00,2026-04-28T10:37:02-07:00,1,24
style.css,296,css,6199a282,Lyn Mansfield,2026-04-28,10:37:02,-07:00,2026-04-28T10:37:02-07:00,1,6
style.css,297,css,6199a282,Lyn Mansfield,2026-04-28,10:37:02,-07:00,2026-04-28T10:37:02-07:00,1,18
style.css,298,css,1a029298,Lyn Mansfield,2026-04-28,09:42:44,-07:00,2026-04-28T09:42:44-07:00,1,12
style.css,299,css,6199a282,Lyn Mansfield,2026-04-28,10:37:02,-07:00,2026-04-28T10:37:02-07:00,1,32
style.css,300,css,6199a282,Lyn Mansfield,2026-04-28,10:37:02,-07:00,2026-04-28T10:37:02-07:00,1,57
style.css,301,css,5a28515e,Lyn Mansfield,2026-04-27,16:17:27,-07:00,2026-04-27T16:17:27-07:00,1,11
style.css,302,css,6199a282,Lyn Mansfield,2026-04-28,10:37:02,-07:00,2026-04-28T10:37:02-07:00,1,21
style.css,303,css,5a28515e,Lyn Mansfield,2026-04-27,16:17:27,-07:00,2026-04-27T16:17:27-07:00,0,0
style.css,304,css,5a28515e,Lyn Mansfield,2026-04-27,16:17:27,-07:00,2026-04-27T16:17:27-07:00,1,36
style.css,305,css,5a28515e,Lyn Mansfield,2026-04-27,16:17:27,-07:00,2026-04-27T16:17:27-07:00,1,18
style.css,306,css,5a28515e,Lyn Mansfield,2026-04-27,16:17:27,-07:00,2026-04-27T16:17:27-07:00,0,0
style.css,307,css,5a28515e,Lyn Mansfield,2026-04-27,16:17:27,-07:00,2026-04-27T16:17:27-07:00,1,7
style.css,308,css,5a28515e,Lyn Mansfield,2026-04-27,16:17:27,-07:00,2026-04-27T16:17:27-07:00,2,11
style.css,309,css,5a28515e,Lyn Mansfield,2026-04-27,16:17:27,-07:00,2026-04-27T16:17:27-07:00,2,10
style.css,310,css,5a28515e,Lyn Mansfield,2026-04-27,16:17:27,-07:00,2026-04-27T16:17:27-07:00,2,17
style.css,311,css,5a28515e,Lyn Mansfield,2026-04-27,16:17:27,-07:00,2026-04-27T16:17:27-07:00,2,29
style.css,312,css,5a28515e,Lyn Mansfield,2026-04-27,16:17:27,-07:00,2026-04-27T16:17:27-07:00,2,18
style.css,313,css,5a28515e,Lyn Mansfield,2026-04-27,16:17:27,-07:00,2026-04-27T16:17:27-07:00,1,0
style.css,314,css,5a28515e,Lyn Mansfield,2026-04-27,16:17:27,-07:00,2026-04-27T16:17:27-07:00,0,0
style.css,315,css,76dedb27,Lyn Mansfield,2026-04-29,20:29:43,-07:00,2026-04-29T20:29:43-07:00,1,9
style.css,316,css,76dedb27,Lyn Mansfield,2026-04-29,20:29:43,-07:00,2026-04-29T20:29:43-07:00,2,35
style.css,317,css,76dedb27,Lyn Mansfield,2026-04-29,20:29:43,-07:00,2026-04-29T20:29:43-07:00,1,0
style.css,318,css,76dedb27,Lyn Mansfield,2026-04-29,20:29:43,-07:00,2026-04-29T20:29:43-07:00,0,0
style.css,319,css,5a28515e,Lyn Mansfield,2026-04-27,16:17:27,-07:00,2026-04-27T16:17:27-07:00,1,2
style.css,320,css,5a28515e,Lyn Mansfield,2026-04-27,16:17:27,-07:00,2026-04-27T16:17:27-07:00,2,12
style.css,321,css,1a029298,Lyn Mansfield,2026-04-28,09:42:44,-07:00,2026-04-28T09:42:44-07:00,2,22
style.css,322,css,1a029298,Lyn Mansfield,2026-04-28,09:42:44,-07:00,2026-04-28T09:42:44-07:00,2,8
style.css,323,css,5a28515e,Lyn Mansfield,2026-04-27,16:17:27,-07:00,2026-04-27T16:17:27-07:00,1,0
style.css,324,css,bdfe1195,Lyn Mansfield,2026-04-01,12:33:31,-07:00,2026-04-01T12:33:31-07:00,0,0
index.js,1,js,039579f3,Lyn Mansfield,2026-04-22,11:04:22,-07:00,2026-04-22T11:04:22-07:00,0,71
index.js,2,js,703dc225,Lyn Mansfield,2026-04-22,09:11:44,-07:00,2026-04-22T09:11:44-07:00,0,0
index.js,3,js,703dc225,Lyn Mansfield,2026-04-22,09:11:44,-07:00,2026-04-22T09:11:44-07:00,0,54
index.js,4,js,703dc225,Lyn Mansfield,2026-04-22,09:11:44,-07:00,2026-04-22T09:11:44-07:00,0,42
index.js,5,js,703dc225,Lyn Mansfield,2026-04-22,09:11:44,-07:00,2026-04-22T09:11:44-07:00,0,0
index.js,6,js,703dc225,Lyn Mansfield,2026-04-22,09:11:44,-07:00,2026-04-22T09:11:44-07:00,0,60
index.js,7,js,f23b1a2f,Lyn Mansfield,2026-04-22,10:02:51,-07:00,2026-04-22T10:02:51-07:00,0,54
index.js,8,js,f23b1a2f,Lyn Mansfield,2026-04-22,10:02:51,-07:00,2026-04-22T10:02:51-07:00,0,0
index.js,9,js,f23b1a2f,Lyn Mansfield,2026-04-22,10:02:51,-07:00,2026-04-22T10:02:51-07:00,0,56
index.js,10,js,f23b1a2f,Lyn Mansfield,2026-04-22,10:02:51,-07:00,2026-04-22T10:02:51-07:00,0,60
index.js,11,js,f23b1a2f,Lyn Mansfield,2026-04-22,10:02:51,-07:00,2026-04-22T10:02:51-07:00,0,17
index.js,12,js,f23b1a2f,Lyn Mansfield,2026-04-22,10:02:51,-07:00,2026-04-22T10:02:51-07:00,1,24
index.js,13,js,f23b1a2f,Lyn Mansfield,2026-04-22,10:02:51,-07:00,2026-04-22T10:02:51-07:00,4,2
index.js,14,js,1e36f8c9,Lyn Mansfield,2026-04-22,10:47:28,-07:00,2026-04-22T10:47:28-07:00,5,54
index.js,15,js,1e36f8c9,Lyn Mansfield,2026-04-22,10:47:28,-07:00,2026-04-22T10:47:28-07:00,5,54
index.js,16,js,1e36f8c9,Lyn Mansfield,2026-04-22,10:47:28,-07:00,2026-04-22T10:47:28-07:00,5,48
index.js,17,js,1e36f8c9,Lyn Mansfield,2026-04-22,10:47:28,-07:00,2026-04-22T10:47:28-07:00,5,48
index.js,18,js,f23b1a2f,Lyn Mansfield,2026-04-22,10:02:51,-07:00,2026-04-22T10:02:51-07:00,4,3
index.js,19,js,f23b1a2f,Lyn Mansfield,2026-04-22,10:02:51,-07:00,2026-04-22T10:02:51-07:00,2,0
index.js,20,js,f23b1a2f,Lyn Mansfield,2026-04-22,10:02:51,-07:00,2026-04-22T10:02:51-07:00,0,0
index.html,1,html,a7cc75bc,Lyn Mansfield,2026-04-01,11:05:20,-07:00,2026-04-01T11:05:20-07:00,0,13
index.html,2,html,a7cc75bc,Lyn Mansfield,2026-04-01,11:05:20,-07:00,2026-04-01T11:05:20-07:00,0,14
index.html,3,html,a7cc75bc,Lyn Mansfield,2026-04-01,11:05:20,-07:00,2026-04-01T11:05:20-07:00,0,4
index.html,4,html,a7cc75bc,Lyn Mansfield,2026-04-01,11:05:20,-07:00,2026-04-01T11:05:20-07:00,2,20
index.html,5,html,a7cc75bc,Lyn Mansfield,2026-04-01,11:05:20,-07:00,2026-04-01T11:05:20-07:00,2,68
index.html,6,html,a7cc75bc,Lyn Mansfield,2026-04-01,11:05:20,-07:00,2026-04-01T11:05:20-07:00,2,55
index.html,7,html,62c1a2a1,Lyn Mansfield,2026-04-02,16:36:32,-07:00,2026-04-02T16:36:32-07:00,2,38
index.html,8,html,183b7cf8,Lyn Mansfield,2026-04-13,13:03:51,-07:00,2026-04-13T13:03:51-07:00,2,45
index.html,9,html,703dc225,Lyn Mansfield,2026-04-22,09:11:44,-07:00,2026-04-22T09:11:44-07:00,2,50
index.html,10,html,a7cc75bc,Lyn Mansfield,2026-04-01,11:05:20,-07:00,2026-04-01T11:05:20-07:00,0,5
index.html,11,html,a7cc75bc,Lyn Mansfield,2026-04-01,11:05:20,-07:00,2026-04-01T11:05:20-07:00,0,4
index.html,12,html,8ed59812,Lyn Mansfield,2026-04-01,11:07:26,-07:00,2026-04-01T11:07:26-07:00,2,22
index.html,13,html,0f4b4189,Lyn Mansfield,2026-04-01,15:25:21,-07:00,2026-04-01T15:25:21-07:00,2,92
index.html,14,html,57d95154,Lyn Mansfield,2026-04-01,15:27:50,-07:00,2026-04-01T15:27:50-07:00,2,179
index.html,15,html,36fdb3b3,Lyn Mansfield,2026-04-01,15:23:56,-07:00,2026-04-01T15:23:56-07:00,2,153
index.html,16,html,bdfe1195,Lyn Mansfield,2026-04-01,12:33:31,-07:00,2026-04-01T12:33:31-07:00,0,0
index.html,17,html,41f74220,Lyn Mansfield,2026-04-05,18:22:43,-07:00,2026-04-05T18:22:43-07:00,2,18
index.html,18,html,5228a3de,Lyn Mansfield,2026-04-09,16:36:17,-07:00,2026-04-09T16:36:17-07:00,4,68
index.html,19,html,37e8af8b,Lyn Mansfield,2026-04-05,18:18:07,-07:00,2026-04-05T18:18:07-07:00,2,4
index.html,20,html,eaee1c58,Lyn Mansfield,2026-04-05,18:25:17,-07:00,2026-04-05T18:25:17-07:00,2,66
index.html,21,html,41f74220,Lyn Mansfield,2026-04-05,18:22:43,-07:00,2026-04-05T18:22:43-07:00,2,18
index.html,22,html,5228a3de,Lyn Mansfield,2026-04-09,16:36:17,-07:00,2026-04-09T16:36:17-07:00,4,72
index.html,23,html,a5652d10,Lyn Mansfield,2026-04-01,15:26:52,-07:00,2026-04-01T15:26:52-07:00,2,4
index.html,24,html,bdfe1195,Lyn Mansfield,2026-04-01,12:33:31,-07:00,2026-04-01T12:33:31-07:00,0,0
index.html,25,html,bdfe1195,Lyn Mansfield,2026-04-01,12:33:31,-07:00,2026-04-01T12:33:31-07:00,2,102
index.html,26,html,36fdb3b3,Lyn Mansfield,2026-04-01,15:23:56,-07:00,2026-04-01T15:23:56-07:00,2,103
index.html,27,html,5cee9e07,Lyn Mansfield,2026-04-01,15:20:41,-07:00,2026-04-01T15:20:41-07:00,0,0
index.html,28,html,5cee9e07,Lyn Mansfield,2026-04-01,15:20:41,-07:00,2026-04-01T15:20:41-07:00,2,33
index.html,29,html,5cee9e07,Lyn Mansfield,2026-04-01,15:20:41,-07:00,2026-04-01T15:20:41-07:00,0,0
index.html,30,html,1dad8eeb,Lyn Mansfield,2026-04-22,11:20:07,-07:00,2026-04-22T11:20:07-07:00,2,20
index.html,31,html,7ef2e289,Lyn Mansfield,2026-04-22,14:07:51,-07:00,2026-04-22T14:07:51-07:00,4,26
index.html,32,html,039579f3,Lyn Mansfield,2026-04-22,11:04:22,-07:00,2026-04-22T11:04:22-07:00,4,22
index.html,33,html,039579f3,Lyn Mansfield,2026-04-22,11:04:22,-07:00,2026-04-22T11:04:22-07:00,6,49
index.html,34,html,039579f3,Lyn Mansfield,2026-04-22,11:04:22,-07:00,2026-04-22T11:04:22-07:00,4,4
index.html,35,html,1e36f8c9,Lyn Mansfield,2026-04-22,10:47:28,-07:00,2026-04-22T10:47:28-07:00,0,0
index.html,36,html,7ef2e289,Lyn Mansfield,2026-04-22,14:07:51,-07:00,2026-04-22T14:07:51-07:00,4,30
index.html,37,html,039579f3,Lyn Mansfield,2026-04-22,11:04:22,-07:00,2026-04-22T11:04:22-07:00,4,20
index.html,38,html,039579f3,Lyn Mansfield,2026-04-22,11:04:22,-07:00,2026-04-22T11:04:22-07:00,6,49
index.html,39,html,039579f3,Lyn Mansfield,2026-04-22,11:04:22,-07:00,2026-04-22T11:04:22-07:00,4,4
index.html,40,html,703dc225,Lyn Mansfield,2026-04-22,09:11:44,-07:00,2026-04-22T09:11:44-07:00,2,4
index.html,41,html,703dc225,Lyn Mansfield,2026-04-22,09:11:44,-07:00,2026-04-22T09:11:44-07:00,0,0
index.html,42,html,cb6edb27,Lyn Mansfield,2026-04-08,10:28:23,-07:00,2026-04-08T10:28:23-07:00,2,18
index.html,43,html,cb6edb27,Lyn Mansfield,2026-04-08,10:28:23,-07:00,2026-04-08T10:28:23-07:00,4,18
index.html,44,html,49bda5e2,Lyn Mansfield,2026-04-09,16:07:35,-07:00,2026-04-09T16:07:35-07:00,6,25
index.html,45,html,cb6edb27,Lyn Mansfield,2026-04-08,10:28:23,-07:00,2026-04-08T10:28:23-07:00,8,7
index.html,46,html,49bda5e2,Lyn Mansfield,2026-04-09,16:07:35,-07:00,2026-04-09T16:07:35-07:00,10,73
index.html,47,html,cb6edb27,Lyn Mansfield,2026-04-08,10:28:23,-07:00,2026-04-08T10:28:23-07:00,10,7
index.html,48,html,549ce748,Lyn Mansfield,2026-04-09,16:03:27,-07:00,2026-04-09T16:03:27-07:00,12,24
index.html,49,html,9b99ac4c,Lyn Mansfield,2026-04-09,15:44:45,-07:00,2026-04-09T15:44:45-07:00,14,28
index.html,50,html,9b99ac4c,Lyn Mansfield,2026-04-09,15:44:45,-07:00,2026-04-09T15:44:45-07:00,14,23
index.html,51,html,9b99ac4c,Lyn Mansfield,2026-04-09,15:44:45,-07:00,2026-04-09T15:44:45-07:00,14,84
index.html,52,html,cd7c63cc,Lyn Mansfield,2026-04-08,12:19:29,-07:00,2026-04-08T12:19:29-07:00,12,4
index.html,53,html,cb6edb27,Lyn Mansfield,2026-04-08,10:28:23,-07:00,2026-04-08T10:28:23-07:00,10,8
index.html,54,html,cb6edb27,Lyn Mansfield,2026-04-08,10:28:23,-07:00,2026-04-08T10:28:23-07:00,10,7
index.html,55,html,86bbb32b,Lyn Mansfield,2026-04-09,16:25:45,-07:00,2026-04-09T16:25:45-07:00,12,17
index.html,56,html,86bbb32b,Lyn Mansfield,2026-04-09,16:25:45,-07:00,2026-04-09T16:25:45-07:00,14,112
index.html,57,html,86bbb32b,Lyn Mansfield,2026-04-09,16:25:45,-07:00,2026-04-09T16:25:45-07:00,16,81
index.html,58,html,86bbb32b,Lyn Mansfield,2026-04-09,16:25:45,-07:00,2026-04-09T16:25:45-07:00,12,4
index.html,59,html,cb6edb27,Lyn Mansfield,2026-04-08,10:28:23,-07:00,2026-04-08T10:28:23-07:00,10,8
index.html,60,html,cb6edb27,Lyn Mansfield,2026-04-08,10:28:23,-07:00,2026-04-08T10:28:23-07:00,8,8
index.html,61,html,02b95b85,Lyn Mansfield,2026-04-08,12:04:20,-07:00,2026-04-08T12:04:20-07:00,8,3
index.html,62,html,cb6edb27,Lyn Mansfield,2026-04-08,10:28:23,-07:00,2026-04-08T10:28:23-07:00,8,7
index.html,63,html,cb6edb27,Lyn Mansfield,2026-04-08,10:28:23,-07:00,2026-04-08T10:28:23-07:00,10,38
index.html,64,html,79dd938f,Lyn Mansfield,2026-04-08,11:13:18,-07:00,2026-04-08T11:13:18-07:00,10,7
index.html,65,html,549ce748,Lyn Mansfield,2026-04-09,16:03:27,-07:00,2026-04-09T16:03:27-07:00,12,168
index.html,66,html,79dd938f,Lyn Mansfield,2026-04-08,11:13:18,-07:00,2026-04-08T11:13:18-07:00,10,8
index.html,67,html,cb6edb27,Lyn Mansfield,2026-04-08,10:28:23,-07:00,2026-04-08T10:28:23-07:00,8,8
index.html,68,html,19178f1c,Lyn Mansfield,2026-04-08,12:15:06,-07:00,2026-04-08T12:15:06-07:00,8,3
index.html,69,html,cb6edb27,Lyn Mansfield,2026-04-08,10:28:23,-07:00,2026-04-08T10:28:23-07:00,8,7
index.html,70,html,cb6edb27,Lyn Mansfield,2026-04-08,10:28:23,-07:00,2026-04-08T10:28:23-07:00,10,47
index.html,71,html,cb6edb27,Lyn Mansfield,2026-04-08,10:28:23,-07:00,2026-04-08T10:28:23-07:00,10,0
index.html,72,html,c695ff30,Lyn Mansfield,2026-04-01,16:29:57,-07:00,2026-04-01T16:29:57-07:00,10,7
index.html,73,html,cb6edb27,Lyn Mansfield,2026-04-08,10:28:23,-07:00,2026-04-08T10:28:23-07:00,12,28
index.html,74,html,7185a840,Lyn Mansfield,2026-04-08,11:36:34,-07:00,2026-04-08T11:36:34-07:00,12,43
index.html,75,html,926d761a,Lyn Mansfield,2026-04-08,11:48:15,-07:00,2026-04-08T11:48:15-07:00,12,2
index.html,76,html,114b9dc5,Lyn Mansfield,2026-04-08,11:43:36,-07:00,2026-04-08T11:43:36-07:00,14,76
index.html,77,html,114b9dc5,Lyn Mansfield,2026-04-08,11:43:36,-07:00,2026-04-08T11:43:36-07:00,14,67
index.html,78,html,114b9dc5,Lyn Mansfield,2026-04-08,11:43:36,-07:00,2026-04-08T11:43:36-07:00,14,107
index.html,79,html,926d761a,Lyn Mansfield,2026-04-08,11:48:15,-07:00,2026-04-08T11:48:15-07:00,12,3
index.html,80,html,cb6edb27,Lyn Mansfield,2026-04-08,10:28:23,-07:00,2026-04-08T10:28:23-07:00,10,8
index.html,81,html,cb6edb27,Lyn Mansfield,2026-04-08,10:28:23,-07:00,2026-04-08T10:28:23-07:00,10,0
index.html,82,html,cb6edb27,Lyn Mansfield,2026-04-08,10:28:23,-07:00,2026-04-08T10:28:23-07:00,10,7
index.html,83,html,cb6edb27,Lyn Mansfield,2026-04-08,10:28:23,-07:00,2026-04-08T10:28:23-07:00,12,26
index.html,84,html,cb6edb27,Lyn Mansfield,2026-04-08,10:28:23,-07:00,2026-04-08T10:28:23-07:00,12,58
index.html,85,html,114b9dc5,Lyn Mansfield,2026-04-08,11:43:36,-07:00,2026-04-08T11:43:36-07:00,12,2
index.html,86,html,114b9dc5,Lyn Mansfield,2026-04-08,11:43:36,-07:00,2026-04-08T11:43:36-07:00,14,73
index.html,87,html,114b9dc5,Lyn Mansfield,2026-04-08,11:43:36,-07:00,2026-04-08T11:43:36-07:00,14,94
index.html,88,html,114b9dc5,Lyn Mansfield,2026-04-08,11:43:36,-07:00,2026-04-08T11:43:36-07:00,14,86
index.html,89,html,114b9dc5,Lyn Mansfield,2026-04-08,11:43:36,-07:00,2026-04-08T11:43:36-07:00,12,3
index.html,90,html,cb6edb27,Lyn Mansfield,2026-04-08,10:28:23,-07:00,2026-04-08T10:28:23-07:00,10,8
index.html,91,html,cb6edb27,Lyn Mansfield,2026-04-08,10:28:23,-07:00,2026-04-08T10:28:23-07:00,8,8
index.html,92,html,02b95b85,Lyn Mansfield,2026-04-08,12:04:20,-07:00,2026-04-08T12:04:20-07:00,8,3
index.html,93,html,cb6edb27,Lyn Mansfield,2026-04-08,10:28:23,-07:00,2026-04-08T10:28:23-07:00,8,7
index.html,94,html,cb6edb27,Lyn Mansfield,2026-04-08,10:28:23,-07:00,2026-04-08T10:28:23-07:00,10,45
index.html,95,html,cb6edb27,Lyn Mansfield,2026-04-08,10:28:23,-07:00,2026-04-08T10:28:23-07:00,10,0
index.html,96,html,cb6edb27,Lyn Mansfield,2026-04-08,10:28:23,-07:00,2026-04-08T10:28:23-07:00,12,7
index.html,97,html,cb6edb27,Lyn Mansfield,2026-04-08,10:28:23,-07:00,2026-04-08T10:28:23-07:00,12,24
index.html,98,html,7185a840,Lyn Mansfield,2026-04-08,11:36:34,-07:00,2026-04-08T11:36:34-07:00,12,60
index.html,99,html,7185a840,Lyn Mansfield,2026-04-08,11:36:34,-07:00,2026-04-08T11:36:34-07:00,14,101
index.html,100,html,7185a840,Lyn Mansfield,2026-04-08,11:36:34,-07:00,2026-04-08T11:36:34-07:00,14,50
index.html,101,html,cb6edb27,Lyn Mansfield,2026-04-08,10:28:23,-07:00,2026-04-08T10:28:23-07:00,10,8
index.html,102,html,cb6edb27,Lyn Mansfield,2026-04-08,10:28:23,-07:00,2026-04-08T10:28:23-07:00,10,0
index.html,103,html,cb6edb27,Lyn Mansfield,2026-04-08,10:28:23,-07:00,2026-04-08T10:28:23-07:00,10,7
index.html,104,html,cb6edb27,Lyn Mansfield,2026-04-08,10:28:23,-07:00,2026-04-08T10:28:23-07:00,12,25
index.html,105,html,7185a840,Lyn Mansfield,2026-04-08,11:36:34,-07:00,2026-04-08T11:36:34-07:00,12,114
index.html,106,html,7185a840,Lyn Mansfield,2026-04-08,11:36:34,-07:00,2026-04-08T11:36:34-07:00,14,106
index.html,107,html,cb6edb27,Lyn Mansfield,2026-04-08,10:28:23,-07:00,2026-04-08T10:28:23-07:00,10,8
index.html,108,html,cb6edb27,Lyn Mansfield,2026-04-08,10:28:23,-07:00,2026-04-08T10:28:23-07:00,10,0
index.html,109,html,cb6edb27,Lyn Mansfield,2026-04-08,10:28:23,-07:00,2026-04-08T10:28:23-07:00,10,7
index.html,110,html,cb6edb27,Lyn Mansfield,2026-04-08,10:28:23,-07:00,2026-04-08T10:28:23-07:00,12,35
index.html,111,html,7185a840,Lyn Mansfield,2026-04-08,11:36:34,-07:00,2026-04-08T11:36:34-07:00,12,82
index.html,112,html,7185a840,Lyn Mansfield,2026-04-08,11:36:34,-07:00,2026-04-08T11:36:34-07:00,14,85
index.html,113,html,7185a840,Lyn Mansfield,2026-04-08,11:36:34,-07:00,2026-04-08T11:36:34-07:00,14,96
index.html,114,html,cb6edb27,Lyn Mansfield,2026-04-08,10:28:23,-07:00,2026-04-08T10:28:23-07:00,10,8
index.html,115,html,cb6edb27,Lyn Mansfield,2026-04-08,10:28:23,-07:00,2026-04-08T10:28:23-07:00,8,8
index.html,116,html,02b95b85,Lyn Mansfield,2026-04-08,12:04:20,-07:00,2026-04-08T12:04:20-07:00,8,3
index.html,117,html,cb6edb27,Lyn Mansfield,2026-04-08,10:28:23,-07:00,2026-04-08T10:28:23-07:00,8,7
index.html,118,html,cb6edb27,Lyn Mansfield,2026-04-08,10:28:23,-07:00,2026-04-08T10:28:23-07:00,8,41
index.html,119,html,c695ff30,Lyn Mansfield,2026-04-01,16:29:57,-07:00,2026-04-01T16:29:57-07:00,8,0
index.html,120,html,c695ff30,Lyn Mansfield,2026-04-01,16:29:57,-07:00,2026-04-01T16:29:57-07:00,8,7
index.html,121,html,859f8b6c,Lyn Mansfield,2026-04-01,16:15:04,-07:00,2026-04-01T16:15:04-07:00,10,2
index.html,122,html,cb6edb27,Lyn Mansfield,2026-04-08,10:28:23,-07:00,2026-04-08T10:28:23-07:00,12,26
index.html,123,html,cb6edb27,Lyn Mansfield,2026-04-08,10:28:23,-07:00,2026-04-08T10:28:23-07:00,12,2
index.html,124,html,cb6edb27,Lyn Mansfield,2026-04-08,10:28:23,-07:00,2026-04-08T10:28:23-07:00,14,85
index.html,125,html,cb6edb27,Lyn Mansfield,2026-04-08,10:28:23,-07:00,2026-04-08T10:28:23-07:00,14,71
index.html,126,html,cb6edb27,Lyn Mansfield,2026-04-08,10:28:23,-07:00,2026-04-08T10:28:23-07:00,12,3
index.html,127,html,cb6edb27,Lyn Mansfield,2026-04-08,10:28:23,-07:00,2026-04-08T10:28:23-07:00,12,41
index.html,128,html,cb6edb27,Lyn Mansfield,2026-04-08,10:28:23,-07:00,2026-04-08T10:28:23-07:00,12,2
index.html,129,html,cb6edb27,Lyn Mansfield,2026-04-08,10:28:23,-07:00,2026-04-08T10:28:23-07:00,14,36
index.html,130,html,cb6edb27,Lyn Mansfield,2026-04-08,10:28:23,-07:00,2026-04-08T10:28:23-07:00,14,50
index.html,131,html,cb6edb27,Lyn Mansfield,2026-04-08,10:28:23,-07:00,2026-04-08T10:28:23-07:00,12,3
index.html,132,html,cb6edb27,Lyn Mansfield,2026-04-08,10:28:23,-07:00,2026-04-08T10:28:23-07:00,12,55
index.html,133,html,859f8b6c,Lyn Mansfield,2026-04-01,16:15:04,-07:00,2026-04-01T16:15:04-07:00,10,3
index.html,134,html,cb6edb27,Lyn Mansfield,2026-04-08,10:28:23,-07:00,2026-04-08T10:28:23-07:00,8,8
index.html,135,html,cb6edb27,Lyn Mansfield,2026-04-08,10:28:23,-07:00,2026-04-08T10:28:23-07:00,8,8
index.html,136,html,cb6edb27,Lyn Mansfield,2026-04-08,10:28:23,-07:00,2026-04-08T10:28:23-07:00,6,4
index.html,137,html,859f8b6c,Lyn Mansfield,2026-04-01,16:15:04,-07:00,2026-04-01T16:15:04-07:00,4,4
index.html,138,html,5cee9e07,Lyn Mansfield,2026-04-01,15:20:41,-07:00,2026-04-01T15:20:41-07:00,2,4
index.html,139,html,a7cc75bc,Lyn Mansfield,2026-04-01,11:05:20,-07:00,2026-04-01T11:05:20-07:00,0,5
index.html,140,html,a7cc75bc,Lyn Mansfield,2026-04-01,11:05:20,-07:00,2026-04-01T11:05:20-07:00,0,5
global.js,1,js,6a96cf33,Lyn Mansfield,2026-04-14,17:12:25,-07:00,2026-04-14T17:12:25-07:00,0,39
global.js,2,js,183b7cf8,Lyn Mansfield,2026-04-13,13:03:51,-07:00,2026-04-13T13:03:51-07:00,0,0
global.js,3,js,183b7cf8,Lyn Mansfield,2026-04-13,13:03:51,-07:00,2026-04-13T13:03:51-07:00,0,41
global.js,4,js,ee7d9c6f,Lyn Mansfield,2026-04-14,15:52:09,-07:00,2026-04-14T15:52:09-07:00,2,52
global.js,5,js,d974bc45,Lyn Mansfield,2026-04-13,13:47:17,-07:00,2026-04-13T13:47:17-07:00,0,0
global.js,6,js,d974bc45,Lyn Mansfield,2026-04-13,13:47:17,-07:00,2026-04-13T13:47:17-07:00,0,0
global.js,7,js,9222be90,Lyn Mansfield,2026-04-14,10:10:09,-07:00,2026-04-14T10:10:09-07:00,0,13
global.js,8,js,d974bc45,Lyn Mansfield,2026-04-13,13:47:17,-07:00,2026-04-13T13:47:17-07:00,0,11
global.js,9,js,ee7d9c6f,Lyn Mansfield,2026-04-14,15:52:09,-07:00,2026-04-14T15:52:09-07:00,2,25
global.js,10,js,ee7d9c6f,Lyn Mansfield,2026-04-14,15:52:09,-07:00,2026-04-14T15:52:09-07:00,2,38
global.js,11,js,ee7d9c6f,Lyn Mansfield,2026-04-14,15:52:09,-07:00,2026-04-14T15:52:09-07:00,2,36
global.js,12,js,a9169892,Lyn Mansfield,2026-05-05,16:14:38,-07:00,2026-05-05T16:14:38-07:00,2,30
global.js,13,js,ee7d9c6f,Lyn Mansfield,2026-04-14,15:52:09,-07:00,2026-04-14T15:52:09-07:00,2,59
global.js,14,js,d974bc45,Lyn Mansfield,2026-04-13,13:47:17,-07:00,2026-04-13T13:47:17-07:00,0,0
global.js,15,js,d974bc45,Lyn Mansfield,2026-04-13,13:47:17,-07:00,2026-04-13T13:47:17-07:00,0,0
global.js,16,js,d974bc45,Lyn Mansfield,2026-04-13,13:47:17,-07:00,2026-04-13T13:47:17-07:00,0,38
global.js,17,js,d974bc45,Lyn Mansfield,2026-04-13,13:47:17,-07:00,2026-04-13T13:47:17-07:00,0,25
global.js,18,js,d974bc45,Lyn Mansfield,2026-04-13,13:47:17,-07:00,2026-04-13T13:47:17-07:00,0,0
global.js,19,js,18c06d4e,Lyn Mansfield,2026-04-13,13:55:50,-07:00,2026-04-13T13:55:50-07:00,0,88
global.js,20,js,ee7d9c6f,Lyn Mansfield,2026-04-14,15:52:09,-07:00,2026-04-14T15:52:09-07:00,2,38
global.js,21,js,ee7d9c6f,Lyn Mansfield,2026-04-14,15:52:09,-07:00,2026-04-14T15:52:09-07:00,2,48
global.js,22,js,18c06d4e,Lyn Mansfield,2026-04-13,13:55:50,-07:00,2026-04-13T13:55:50-07:00,0,0
global.js,23,js,9222be90,Lyn Mansfield,2026-04-14,10:10:09,-07:00,2026-04-14T10:10:09-07:00,0,26
global.js,24,js,d974bc45,Lyn Mansfield,2026-04-13,13:47:17,-07:00,2026-04-13T13:47:17-07:00,0,20
global.js,25,js,ee7d9c6f,Lyn Mansfield,2026-04-14,15:52:09,-07:00,2026-04-14T15:52:09-07:00,2,14
global.js,26,js,ee7d9c6f,Lyn Mansfield,2026-04-14,15:52:09,-07:00,2026-04-14T15:52:09-07:00,2,52
global.js,27,js,ee7d9c6f,Lyn Mansfield,2026-04-14,15:52:09,-07:00,2026-04-14T15:52:09-07:00,2,18
global.js,28,js,ee7d9c6f,Lyn Mansfield,2026-04-14,15:52:09,-07:00,2026-04-14T15:52:09-07:00,2,0
global.js,29,js,ee7d9c6f,Lyn Mansfield,2026-04-14,15:52:09,-07:00,2026-04-14T15:52:09-07:00,2,34
global.js,30,js,ee7d9c6f,Lyn Mansfield,2026-04-14,15:52:09,-07:00,2026-04-14T15:52:09-07:00,2,11
global.js,31,js,ee7d9c6f,Lyn Mansfield,2026-04-14,15:52:09,-07:00,2026-04-14T15:52:09-07:00,2,20
global.js,32,js,ee7d9c6f,Lyn Mansfield,2026-04-14,15:52:09,-07:00,2026-04-14T15:52:09-07:00,2,17
global.js,33,js,ee7d9c6f,Lyn Mansfield,2026-04-14,15:52:09,-07:00,2026-04-14T15:52:09-07:00,3,8
global.js,34,js,ee7d9c6f,Lyn Mansfield,2026-04-14,15:52:09,-07:00,2026-04-14T15:52:09-07:00,3,59
global.js,35,js,ee7d9c6f,Lyn Mansfield,2026-04-14,15:52:09,-07:00,2026-04-14T15:52:09-07:00,2,0
global.js,36,js,ee7d9c6f,Lyn Mansfield,2026-04-14,15:52:09,-07:00,2026-04-14T15:52:09-07:00,2,12
global.js,37,js,d974bc45,Lyn Mansfield,2026-04-13,13:47:17,-07:00,2026-04-13T13:47:17-07:00,0,0
global.js,38,js,9222be90,Lyn Mansfield,2026-04-14,10:10:09,-07:00,2026-04-14T10:10:09-07:00,0,0
global.js,39,js,9222be90,Lyn Mansfield,2026-04-14,10:10:09,-07:00,2026-04-14T10:10:09-07:00,0,35
global.js,40,js,202c6c0d,Lyn Mansfield,2026-04-14,17:31:28,-07:00,2026-04-14T17:31:28-07:00,0,30
global.js,41,js,202c6c0d,Lyn Mansfield,2026-04-14,17:31:28,-07:00,2026-04-14T17:31:28-07:00,2,75
global.js,42,js,202c6c0d,Lyn Mansfield,2026-04-14,17:31:28,-07:00,2026-04-14T17:31:28-07:00,0,0
global.js,43,js,27f959e8,Lyn Mansfield,2026-04-21,17:31:23,-07:00,2026-04-21T17:31:23-07:00,0,0
global.js,44,js,27f959e8,Lyn Mansfield,2026-04-21,17:31:23,-07:00,2026-04-21T17:31:23-07:00,0,30
global.js,45,js,27f959e8,Lyn Mansfield,2026-04-21,17:31:23,-07:00,2026-04-21T17:31:23-07:00,0,37
global.js,46,js,0c3f803b,Lyn Mansfield,2026-04-21,17:38:43,-07:00,2026-04-21T17:38:43-07:00,0,71
global.js,47,js,9222be90,Lyn Mansfield,2026-04-14,10:10:09,-07:00,2026-04-14T10:10:09-07:00,0,31
global.js,48,js,ee7d9c6f,Lyn Mansfield,2026-04-14,15:52:09,-07:00,2026-04-14T15:52:09-07:00,2,11
global.js,49,js,ee7d9c6f,Lyn Mansfield,2026-04-14,15:52:09,-07:00,2026-04-14T15:52:09-07:00,2,0
global.js,50,js,9222be90,Lyn Mansfield,2026-04-14,10:10:09,-07:00,2026-04-14T10:10:09-07:00,0,26
global.js,51,js,9222be90,Lyn Mansfield,2026-04-14,10:10:09,-07:00,2026-04-14T10:10:09-07:00,0,4
global.js,52,js,9222be90,Lyn Mansfield,2026-04-14,10:10:09,-07:00,2026-04-14T10:10:09-07:00,0,6
global.js,53,js,ee7d9c6f,Lyn Mansfield,2026-04-14,15:52:09,-07:00,2026-04-14T15:52:09-07:00,0,57
global.js,54,js,9222be90,Lyn Mansfield,2026-04-14,10:10:09,-07:00,2026-04-14T10:10:09-07:00,6,36
global.js,55,js,9222be90,Lyn Mansfield,2026-04-14,10:10:09,-07:00,2026-04-14T10:10:09-07:00,6,34
global.js,56,js,9222be90,Lyn Mansfield,2026-04-14,10:10:09,-07:00,2026-04-14T10:10:09-07:00,0,7
global.js,57,js,9222be90,Lyn Mansfield,2026-04-14,10:10:09,-07:00,2026-04-14T10:10:09-07:00,0,8
global.js,58,js,9222be90,Lyn Mansfield,2026-04-14,10:10:09,-07:00,2026-04-14T10:10:09-07:00,0,0
global.js,59,js,fef1dbf4,Lyn Mansfield,2026-04-14,10:17:07,-07:00,2026-04-14T10:17:07-07:00,0,0
global.js,60,js,a2a07488,Lyn Mansfield,2026-04-14,16:54:29,-07:00,2026-04-14T16:54:29-07:00,0,35
global.js,61,js,20d8c660,Lyn Mansfield,2026-04-14,15:54:29,-07:00,2026-04-14T15:54:29-07:00,0,36
global.js,62,js,a46c6701,Lyn Mansfield,2026-04-14,16:24:22,-07:00,2026-04-14T16:24:22-07:00,2,70
global.js,63,js,a2a07488,Lyn Mansfield,2026-04-14,16:54:29,-07:00,2026-04-14T16:54:29-07:00,2,50
global.js,64,js,4244a740,Lyn Mansfield,2026-04-14,17:25:57,-07:00,2026-04-14T17:25:57-07:00,2,49
global.js,65,js,4244a740,Lyn Mansfield,2026-04-14,17:25:57,-07:00,2026-04-14T17:25:57-07:00,2,33
global.js,66,js,4244a740,Lyn Mansfield,2026-04-14,17:25:57,-07:00,2026-04-14T17:25:57-07:00,4,34
global.js,67,js,4244a740,Lyn Mansfield,2026-04-14,17:25:57,-07:00,2026-04-14T17:25:57-07:00,2,0
global.js,68,js,4244a740,Lyn Mansfield,2026-04-14,17:25:57,-07:00,2026-04-14T17:25:57-07:00,2,43
global.js,69,js,4244a740,Lyn Mansfield,2026-04-14,17:25:57,-07:00,2026-04-14T17:25:57-07:00,2,27
global.js,70,js,4244a740,Lyn Mansfield,2026-04-14,17:25:57,-07:00,2026-04-14T17:25:57-07:00,4,39
global.js,71,js,4244a740,Lyn Mansfield,2026-04-14,17:25:57,-07:00,2026-04-14T17:25:57-07:00,2,6
global.js,72,js,4244a740,Lyn Mansfield,2026-04-14,17:25:57,-07:00,2026-04-14T17:25:57-07:00,4,42
global.js,73,js,4244a740,Lyn Mansfield,2026-04-14,17:25:57,-07:00,2026-04-14T17:25:57-07:00,2,0
global.js,74,js,32464922,Lyn Mansfield,2026-04-14,17:29:24,-07:00,2026-04-14T17:29:24-07:00,2,50
global.js,75,js,ee7d9c6f,Lyn Mansfield,2026-04-14,15:52:09,-07:00,2026-04-14T15:52:09-07:00,0,0
global.js,76,js,ee7d9c6f,Lyn Mansfield,2026-04-14,15:52:09,-07:00,2026-04-14T15:52:09-07:00,0,0
global.js,77,js,ee7d9c6f,Lyn Mansfield,2026-04-14,15:52:09,-07:00,2026-04-14T15:52:09-07:00,0,28
global.js,78,js,a73429e6,Lyn Mansfield,2026-04-14,17:05:51,-07:00,2026-04-14T17:05:51-07:00,0,44
global.js,79,js,a2a07488,Lyn Mansfield,2026-04-14,16:54:29,-07:00,2026-04-14T16:54:29-07:00,0,0
global.js,80,js,a73429e6,Lyn Mansfield,2026-04-14,17:05:51,-07:00,2026-04-14T17:05:51-07:00,0,49
global.js,81,js,20d8c660,Lyn Mansfield,2026-04-14,15:54:29,-07:00,2026-04-14T15:54:29-07:00,2,33
global.js,82,js,ee7d9c6f,Lyn Mansfield,2026-04-14,15:52:09,-07:00,2026-04-14T15:52:09-07:00,2,22
global.js,83,js,a2a07488,Lyn Mansfield,2026-04-14,16:54:29,-07:00,2026-04-14T16:54:29-07:00,2,44
global.js,84,js,957ea4b0,Lyn Mansfield,2026-04-14,16:21:30,-07:00,2026-04-14T16:21:30-07:00,0,1
global.js,85,js,957ea4b0,Lyn Mansfield,2026-04-14,16:21:30,-07:00,2026-04-14T16:21:30-07:00,0,0
global.js,86,js,a2a07488,Lyn Mansfield,2026-04-14,16:54:29,-07:00,2026-04-14T16:54:29-07:00,0,36
global.js,87,js,a2a07488,Lyn Mansfield,2026-04-14,16:54:29,-07:00,2026-04-14T16:54:29-07:00,0,34
global.js,88,js,4d0384ab,Lyn Mansfield,2026-04-14,17:07:28,-07:00,2026-04-14T17:07:28-07:00,2,58
global.js,89,js,a2a07488,Lyn Mansfield,2026-04-14,16:54:29,-07:00,2026-04-14T16:54:29-07:00,2,39
global.js,90,js,4d0384ab,Lyn Mansfield,2026-04-14,17:07:28,-07:00,2026-04-14T17:07:28-07:00,2,54
global.js,91,js,a73429e6,Lyn Mansfield,2026-04-14,17:05:51,-07:00,2026-04-14T17:05:51-07:00,2,38
global.js,92,js,a2a07488,Lyn Mansfield,2026-04-14,16:54:29,-07:00,2026-04-14T16:54:29-07:00,0,0
global.js,93,js,a2a07488,Lyn Mansfield,2026-04-14,16:54:29,-07:00,2026-04-14T16:54:29-07:00,0,0
global.js,94,js,957ea4b0,Lyn Mansfield,2026-04-14,16:21:30,-07:00,2026-04-14T16:21:30-07:00,0,37
global.js,95,js,957ea4b0,Lyn Mansfield,2026-04-14,16:21:30,-07:00,2026-04-14T16:21:30-07:00,0,46
global.js,96,js,957ea4b0,Lyn Mansfield,2026-04-14,16:21:30,-07:00,2026-04-14T16:21:30-07:00,0,56
global.js,97,js,957ea4b0,Lyn Mansfield,2026-04-14,16:21:30,-07:00,2026-04-14T16:21:30-07:00,2,21
global.js,98,js,cacc3d47,Lyn Mansfield,2026-04-14,16:32:00,-07:00,2026-04-14T16:32:00-07:00,0,0
global.js,99,js,957ea4b0,Lyn Mansfield,2026-04-14,16:21:30,-07:00,2026-04-14T16:21:30-07:00,2,35
global.js,100,js,a3b3225c,Lyn Mansfield,2026-04-14,16:51:11,-07:00,2026-04-14T16:51:11-07:00,2,33
global.js,101,js,957ea4b0,Lyn Mansfield,2026-04-14,16:21:30,-07:00,2026-04-14T16:21:30-07:00,2,31
global.js,102,js,cacc3d47,Lyn Mansfield,2026-04-14,16:32:00,-07:00,2026-04-14T16:32:00-07:00,4,42
global.js,103,js,a3b3225c,Lyn Mansfield,2026-04-14,16:51:11,-07:00,2026-04-14T16:51:11-07:00,4,55
global.js,104,js,957ea4b0,Lyn Mansfield,2026-04-14,16:21:30,-07:00,2026-04-14T16:21:30-07:00,2,0
global.js,105,js,e528d306,Lyn Mansfield,2026-04-14,16:40:45,-07:00,2026-04-14T16:40:45-07:00,2,15
global.js,106,js,140fc8aa,Lyn Mansfield,2026-04-14,16:26:21,-07:00,2026-04-14T16:26:21-07:00,2,18
global.js,107,js,0fa9e7ab,Lyn Mansfield,2026-04-21,17:27:06,-07:00,2026-04-21T17:27:06-07:00,0,0
global.js,108,js,0fa9e7ab,Lyn Mansfield,2026-04-21,17:27:06,-07:00,2026-04-21T17:27:06-07:00,0,0
global.js,109,js,0fa9e7ab,Lyn Mansfield,2026-04-21,17:27:06,-07:00,2026-04-21T17:27:06-07:00,0,36
global.js,110,js,0fa9e7ab,Lyn Mansfield,2026-04-21,17:27:06,-07:00,2026-04-21T17:27:06-07:00,1,3
global.js,111,js,0fa9e7ab,Lyn Mansfield,2026-04-21,17:27:06,-07:00,2026-04-21T17:27:06-07:00,2,39
global.js,112,js,0fa9e7ab,Lyn Mansfield,2026-04-21,17:27:06,-07:00,2026-04-21T17:27:06-07:00,2,32
global.js,113,js,0fa9e7ab,Lyn Mansfield,2026-04-21,17:27:06,-07:00,2026-04-21T17:27:06-07:00,2,17
global.js,114,js,0fa9e7ab,Lyn Mansfield,2026-04-21,17:27:06,-07:00,2026-04-21T17:27:06-07:00,4,66
global.js,115,js,0fa9e7ab,Lyn Mansfield,2026-04-21,17:27:06,-07:00,2026-04-21T17:27:06-07:00,2,0
global.js,116,js,0fa9e7ab,Lyn Mansfield,2026-04-21,17:27:06,-07:00,2026-04-21T17:27:06-07:00,2,33
global.js,117,js,0fa9e7ab,Lyn Mansfield,2026-04-21,17:27:06,-07:00,2026-04-21T17:27:06-07:00,2,10
global.js,118,js,0fa9e7ab,Lyn Mansfield,2026-04-21,17:27:06,-07:00,2026-04-21T17:27:06-07:00,1,15
global.js,119,js,0fa9e7ab,Lyn Mansfield,2026-04-21,17:27:06,-07:00,2026-04-21T17:27:06-07:00,2,59
global.js,120,js,0fa9e7ab,Lyn Mansfield,2026-04-21,17:27:06,-07:00,2026-04-21T17:27:06-07:00,1,0
global.js,121,js,0fa9e7ab,Lyn Mansfield,2026-04-21,17:27:06,-07:00,2026-04-21T17:27:06-07:00,0,0
global.js,122,js,0fa9e7ab,Lyn Mansfield,2026-04-21,17:27:06,-07:00,2026-04-21T17:27:06-07:00,0,0
global.js,123,js,039579f3,Lyn Mansfield,2026-04-22,11:04:22,-07:00,2026-04-22T11:04:22-07:00,0,47
global.js,124,js,f23b1a2f,Lyn Mansfield,2026-04-22,10:02:51,-07:00,2026-04-22T10:02:51-07:00,2,59
global.js,125,js,f23b1a2f,Lyn Mansfield,2026-04-22,10:02:51,-07:00,2026-04-22T10:02:51-07:00,0,0
global.js,126,js,0ad54573,Lyn Mansfield,2026-04-21,17:57:16,-07:00,2026-04-21T17:57:16-07:00,0,0
global.js,127,js,0fa9e7ab,Lyn Mansfield,2026-04-21,17:27:06,-07:00,2026-04-21T17:27:06-07:00,0,77
global.js,128,js,0fa9e7ab,Lyn Mansfield,2026-04-21,17:27:06,-07:00,2026-04-21T17:27:06-07:00,2,30
global.js,129,js,0fa9e7ab,Lyn Mansfield,2026-04-21,17:27:06,-07:00,2026-04-21T17:27:06-07:00,4,49
global.js,130,js,0fa9e7ab,Lyn Mansfield,2026-04-21,17:27:06,-07:00,2026-04-21T17:27:06-07:00,2,0
global.js,131,js,0ad54573,Lyn Mansfield,2026-04-21,17:57:16,-07:00,2026-04-21T17:57:16-07:00,2,46
global.js,132,js,f0e980fa,Lyn Mansfield,2026-04-21,17:59:18,-07:00,2026-04-21T17:59:18-07:00,2,29
global.js,133,js,0fa9e7ab,Lyn Mansfield,2026-04-21,17:27:06,-07:00,2026-04-21T17:27:06-07:00,4,47
global.js,134,js,0fa9e7ab,Lyn Mansfield,2026-04-21,17:27:06,-07:00,2026-04-21T17:27:06-07:00,2,0
global.js,135,js,0fa9e7ab,Lyn Mansfield,2026-04-21,17:27:06,-07:00,2026-04-21T17:27:06-07:00,0,0
global.js,136,js,0fa9e7ab,Lyn Mansfield,2026-04-21,17:27:06,-07:00,2026-04-21T17:27:06-07:00,2,30
global.js,137,js,0fa9e7ab,Lyn Mansfield,2026-04-21,17:27:06,-07:00,2026-04-21T17:27:06-07:00,2,27
global.js,138,js,0fa9e7ab,Lyn Mansfield,2026-04-21,17:27:06,-07:00,2026-04-21T17:27:06-07:00,4,48
global.js,139,js,0fa9e7ab,Lyn Mansfield,2026-04-21,17:27:06,-07:00,2026-04-21T17:27:06-07:00,4,19
global.js,140,js,0fa9e7ab,Lyn Mansfield,2026-04-21,17:27:06,-07:00,2026-04-21T17:27:06-07:00,6,49
global.js,141,js,0fa9e7ab,Lyn Mansfield,2026-04-21,17:27:06,-07:00,2026-04-21T17:27:06-07:00,6,49
global.js,142,js,0fa9e7ab,Lyn Mansfield,2026-04-21,17:27:06,-07:00,2026-04-21T17:27:06-07:00,6,27
global.js,143,js,0fa9e7ab,Lyn Mansfield,2026-04-21,17:27:06,-07:00,2026-04-21T17:27:06-07:00,4,0
global.js,144,js,0fa9e7ab,Lyn Mansfield,2026-04-21,17:27:06,-07:00,2026-04-21T17:27:06-07:00,4,36
global.js,145,js,0fa9e7ab,Lyn Mansfield,2026-04-21,17:27:06,-07:00,2026-04-21T17:27:06-07:00,2,1
global.js,146,js,0fa9e7ab,Lyn Mansfield,2026-04-21,17:27:06,-07:00,2026-04-21T17:27:06-07:00,0,0
projects/projects.js,1,js,0fa9e7ab,Lyn Mansfield,2026-04-21,17:27:06,-07:00,2026-04-21T17:27:06-07:00,0,55
projects/projects.js,2,js,26924fb3,Lyn Mansfield,2026-04-27,15:19:23,-07:00,2026-04-27T15:19:23-07:00,0,63
projects/projects.js,3,js,0fa9e7ab,Lyn Mansfield,2026-04-21,17:27:06,-07:00,2026-04-21T17:27:06-07:00,0,0
projects/projects.js,4,js,26924fb3,Lyn Mansfield,2026-04-27,15:19:23,-07:00,2026-04-27T15:19:23-07:00,0,16
projects/projects.js,5,js,d4f128da,Lyn Mansfield,2026-04-29,15:11:08,-07:00,2026-04-29T15:11:08-07:00,0,21
projects/projects.js,6,js,6062e38f,Lyn Mansfield,2026-04-29,15:44:57,-07:00,2026-04-29T15:44:57-07:00,0,20
projects/projects.js,7,js,23d6f77f,Lyn Mansfield,2026-04-29,16:16:36,-07:00,2026-04-29T16:16:36-07:00,0,36
projects/projects.js,8,js,23d6f77f,Lyn Mansfield,2026-04-29,16:16:36,-07:00,2026-04-29T16:16:36-07:00,2,21
projects/projects.js,9,js,23d6f77f,Lyn Mansfield,2026-04-29,16:16:36,-07:00,2026-04-29T16:16:36-07:00,2,47
projects/projects.js,10,js,7bc64116,Lyn Mansfield,2026-04-29,16:21:18,-07:00,2026-04-29T16:21:18-07:00,2,23
projects/projects.js,11,js,76dedb27,Lyn Mansfield,2026-04-29,20:29:43,-07:00,2026-04-29T20:29:43-07:00,2,74
projects/projects.js,12,js,23d6f77f,Lyn Mansfield,2026-04-29,16:16:36,-07:00,2026-04-29T16:16:36-07:00,0,0
projects/projects.js,13,js,23d6f77f,Lyn Mansfield,2026-04-29,16:16:36,-07:00,2026-04-29T16:16:36-07:00,0,0
projects/projects.js,14,js,e6d3f87b,Lyn Mansfield,2026-04-29,12:27:45,-07:00,2026-04-29T12:27:45-07:00,0,38
projects/projects.js,15,js,e6d3f87b,Lyn Mansfield,2026-04-29,12:27:45,-07:00,2026-04-29T12:27:45-07:00,2,26
projects/projects.js,16,js,e6d3f87b,Lyn Mansfield,2026-04-29,12:27:45,-07:00,2026-04-29T12:27:45-07:00,4,12
projects/projects.js,17,js,e6d3f87b,Lyn Mansfield,2026-04-29,12:27:45,-07:00,2026-04-29T12:27:45-07:00,4,14
projects/projects.js,18,js,e6d3f87b,Lyn Mansfield,2026-04-29,12:27:45,-07:00,2026-04-29T12:27:45-07:00,4,12
projects/projects.js,19,js,e6d3f87b,Lyn Mansfield,2026-04-29,12:27:45,-07:00,2026-04-29T12:27:45-07:00,2,0
projects/projects.js,20,js,e6d3f87b,Lyn Mansfield,2026-04-29,12:27:45,-07:00,2026-04-29T12:27:45-07:00,2,44
projects/projects.js,21,js,e6d3f87b,Lyn Mansfield,2026-04-29,12:27:45,-07:00,2026-04-29T12:27:45-07:00,4,35
projects/projects.js,22,js,e6d3f87b,Lyn Mansfield,2026-04-29,12:27:45,-07:00,2026-04-29T12:27:45-07:00,2,1
projects/projects.js,23,js,0f32d701,Lyn Mansfield,2026-04-27,15:23:36,-07:00,2026-04-27T15:23:36-07:00,0,0
projects/projects.js,24,js,6062e38f,Lyn Mansfield,2026-04-29,15:44:57,-07:00,2026-04-29T15:44:57-07:00,2,59
projects/projects.js,25,js,6062e38f,Lyn Mansfield,2026-04-29,15:44:57,-07:00,2026-04-29T15:44:57-07:00,2,24
projects/projects.js,26,js,d8c80014,Lyn Mansfield,2026-04-29,16:17:45,-07:00,2026-04-29T16:17:45-07:00,4,97
projects/projects.js,27,js,4393beae,Lyn Mansfield,2026-04-29,20:34:54,-07:00,2026-04-29T20:34:54-07:00,4,67
projects/projects.js,28,js,23d6f77f,Lyn Mansfield,2026-04-29,16:16:36,-07:00,2026-04-29T16:16:36-07:00,4,25
projects/projects.js,29,js,23d6f77f,Lyn Mansfield,2026-04-29,16:16:36,-07:00,2026-04-29T16:16:36-07:00,6,21
projects/projects.js,30,js,23d6f77f,Lyn Mansfield,2026-04-29,16:16:36,-07:00,2026-04-29T16:16:36-07:00,4,0
projects/projects.js,31,js,5db4e1ec,Lyn Mansfield,2026-04-29,15:39:44,-07:00,2026-04-29T15:39:44-07:00,2,0
projects/projects.js,32,js,f613edf2,Lyn Mansfield,2026-04-29,15:17:30,-07:00,2026-04-29T15:17:30-07:00,2,15
projects/projects.js,33,js,e6d3f87b,Lyn Mansfield,2026-04-29,12:27:45,-07:00,2026-04-29T12:27:45-07:00,2,28
projects/projects.js,34,js,e6d3f87b,Lyn Mansfield,2026-04-29,12:27:45,-07:00,2026-04-29T12:27:45-07:00,2,32
projects/projects.js,35,js,f613edf2,Lyn Mansfield,2026-04-29,15:17:30,-07:00,2026-04-29T15:17:30-07:00,2,35
projects/projects.js,36,js,f613edf2,Lyn Mansfield,2026-04-29,15:17:30,-07:00,2026-04-29T15:17:30-07:00,2,33
projects/projects.js,37,js,e6d3f87b,Lyn Mansfield,2026-04-29,12:27:45,-07:00,2026-04-29T12:27:45-07:00,2,26
projects/projects.js,38,js,e6d3f87b,Lyn Mansfield,2026-04-29,12:27:45,-07:00,2026-04-29T12:27:45-07:00,2,47
projects/projects.js,39,js,e6d3f87b,Lyn Mansfield,2026-04-29,12:27:45,-07:00,2026-04-29T12:27:45-07:00,2,50
projects/projects.js,40,js,e6d3f87b,Lyn Mansfield,2026-04-29,12:27:45,-07:00,2026-04-29T12:27:45-07:00,2,33
projects/projects.js,41,js,e6d3f87b,Lyn Mansfield,2026-04-29,12:27:45,-07:00,2026-04-29T12:27:45-07:00,2,46
projects/projects.js,42,js,e6d3f87b,Lyn Mansfield,2026-04-29,12:27:45,-07:00,2026-04-29T12:27:45-07:00,2,57
projects/projects.js,43,js,e6d3f87b,Lyn Mansfield,2026-04-29,12:27:45,-07:00,2026-04-29T12:27:45-07:00,2,45
projects/projects.js,44,js,e6d3f87b,Lyn Mansfield,2026-04-29,12:27:45,-07:00,2026-04-29T12:27:45-07:00,2,24
projects/projects.js,45,js,f613edf2,Lyn Mansfield,2026-04-29,15:17:30,-07:00,2026-04-29T15:17:30-07:00,4,4
projects/projects.js,46,js,e6d3f87b,Lyn Mansfield,2026-04-29,12:27:45,-07:00,2026-04-29T12:27:45-07:00,4,13
projects/projects.js,47,js,e6d3f87b,Lyn Mansfield,2026-04-29,12:27:45,-07:00,2026-04-29T12:27:45-07:00,4,13
projects/projects.js,48,js,d4f128da,Lyn Mansfield,2026-04-29,15:11:08,-07:00,2026-04-29T15:11:08-07:00,4,22
projects/projects.js,49,js,4393beae,Lyn Mansfield,2026-04-29,20:34:54,-07:00,2026-04-29T20:34:54-07:00,4,26
projects/projects.js,50,js,4393beae,Lyn Mansfield,2026-04-29,20:34:54,-07:00,2026-04-29T20:34:54-07:00,8,39
projects/projects.js,51,js,4393beae,Lyn Mansfield,2026-04-29,20:34:54,-07:00,2026-04-29T20:34:54-07:00,6,84
projects/projects.js,52,js,d4f128da,Lyn Mansfield,2026-04-29,15:11:08,-07:00,2026-04-29T15:11:08-07:00,4,18
projects/projects.js,53,js,d4f128da,Lyn Mansfield,2026-04-29,15:11:08,-07:00,2026-04-29T15:11:08-07:00,6,43
projects/projects.js,54,js,7bc64116,Lyn Mansfield,2026-04-29,16:21:18,-07:00,2026-04-29T16:21:18-07:00,6,62
projects/projects.js,55,js,23d6f77f,Lyn Mansfield,2026-04-29,16:16:36,-07:00,2026-04-29T16:16:36-07:00,6,34
projects/projects.js,56,js,23d6f77f,Lyn Mansfield,2026-04-29,16:16:36,-07:00,2026-04-29T16:16:36-07:00,0,0
projects/projects.js,57,js,f613edf2,Lyn Mansfield,2026-04-29,15:17:30,-07:00,2026-04-29T15:17:30-07:00,6,4
projects/projects.js,58,js,d4f128da,Lyn Mansfield,2026-04-29,15:11:08,-07:00,2026-04-29T15:11:08-07:00,6,16
projects/projects.js,59,js,d4f128da,Lyn Mansfield,2026-04-29,15:11:08,-07:00,2026-04-29T15:11:08-07:00,6,26
projects/projects.js,60,js,d4f128da,Lyn Mansfield,2026-04-29,15:11:08,-07:00,2026-04-29T15:11:08-07:00,8,39
projects/projects.js,61,js,4393beae,Lyn Mansfield,2026-04-29,20:34:54,-07:00,2026-04-29T20:34:54-07:00,6,59
projects/projects.js,62,js,f613edf2,Lyn Mansfield,2026-04-29,15:17:30,-07:00,2026-04-29T15:17:30-07:00,6,0
projects/projects.js,63,js,f613edf2,Lyn Mansfield,2026-04-29,15:17:30,-07:00,2026-04-29T15:17:30-07:00,6,7
projects/projects.js,64,js,f613edf2,Lyn Mansfield,2026-04-29,15:17:30,-07:00,2026-04-29T15:17:30-07:00,6,14
projects/projects.js,65,js,f613edf2,Lyn Mansfield,2026-04-29,15:17:30,-07:00,2026-04-29T15:17:30-07:00,6,26
projects/projects.js,66,js,f613edf2,Lyn Mansfield,2026-04-29,15:17:30,-07:00,2026-04-29T15:17:30-07:00,8,39
projects/projects.js,67,js,f613edf2,Lyn Mansfield,2026-04-29,15:17:30,-07:00,2026-04-29T15:17:30-07:00,6,1
projects/projects.js,68,js,4e9cc1b3,Lyn Mansfield,2026-04-29,15:56:01,-07:00,2026-04-29T15:56:01-07:00,0,0
projects/projects.js,69,js,4e9cc1b3,Lyn Mansfield,2026-04-29,15:56:01,-07:00,2026-04-29T15:56:01-07:00,6,34
projects/projects.js,70,js,d4f128da,Lyn Mansfield,2026-04-29,15:11:08,-07:00,2026-04-29T15:11:08-07:00,4,0
projects/projects.js,71,js,e6d3f87b,Lyn Mansfield,2026-04-29,12:27:45,-07:00,2026-04-29T12:27:45-07:00,2,1
projects/projects.js,72,js,8255c261,Lyn Mansfield,2026-04-27,15:39:52,-07:00,2026-04-27T15:39:52-07:00,0,0
projects/projects.js,73,js,f613edf2,Lyn Mansfield,2026-04-29,15:17:30,-07:00,2026-04-29T15:17:30-07:00,2,20
projects/projects.js,74,js,e6d3f87b,Lyn Mansfield,2026-04-29,12:27:45,-07:00,2026-04-29T12:27:45-07:00,2,22
projects/projects.js,75,js,2618c83b,Lyn Mansfield,2026-04-29,15:42:39,-07:00,2026-04-29T15:42:39-07:00,4,7
projects/projects.js,76,js,e6d3f87b,Lyn Mansfield,2026-04-29,12:27:45,-07:00,2026-04-29T12:27:45-07:00,4,11
projects/projects.js,77,js,e6d3f87b,Lyn Mansfield,2026-04-29,12:27:45,-07:00,2026-04-29T12:27:45-07:00,4,91
projects/projects.js,78,js,8dbcf1c4,Lyn Mansfield,2026-04-29,20:38:13,-07:00,2026-04-29T20:38:13-07:00,4,26
projects/projects.js,79,js,8dbcf1c4,Lyn Mansfield,2026-04-29,20:38:13,-07:00,2026-04-29T20:38:13-07:00,8,39
projects/projects.js,80,js,8dbcf1c4,Lyn Mansfield,2026-04-29,20:38:13,-07:00,2026-04-29T20:38:13-07:00,6,84
projects/projects.js,81,js,e6d3f87b,Lyn Mansfield,2026-04-29,12:27:45,-07:00,2026-04-29T12:27:45-07:00,4,99
projects/projects.js,82,js,e6d3f87b,Lyn Mansfield,2026-04-29,12:27:45,-07:00,2026-04-29T12:27:45-07:00,2,1
projects/projects.js,83,js,e6d3f87b,Lyn Mansfield,2026-04-29,12:27:45,-07:00,2026-04-29T12:27:45-07:00,0,0
projects/projects.js,84,js,26924fb3,Lyn Mansfield,2026-04-27,15:19:23,-07:00,2026-04-27T15:19:23-07:00,0,0
projects/projects.js,85,js,d4f128da,Lyn Mansfield,2026-04-29,15:11:08,-07:00,2026-04-29T15:11:08-07:00,0,17
projects/projects.js,86,js,5b03925a,Lyn Mansfield,2026-04-29,15:32:29,-07:00,2026-04-29T15:32:29-07:00,0,19
projects/projects.js,87,js,3e8179df,Lyn Mansfield,2026-04-29,10:59:43,-07:00,2026-04-29T10:59:43-07:00,0,53
projects/projects.js,88,js,3e8179df,Lyn Mansfield,2026-04-29,10:59:43,-07:00,2026-04-29T10:59:43-07:00,0,49
projects/projects.js,89,js,e6d3f87b,Lyn Mansfield,2026-04-29,12:27:45,-07:00,2026-04-29T12:27:45-07:00,2,19
projects/projects.js,90,js,5b03925a,Lyn Mansfield,2026-04-29,15:32:29,-07:00,2026-04-29T15:32:29-07:00,2,31
projects/projects.js,91,js,4e9cc1b3,Lyn Mansfield,2026-04-29,15:56:01,-07:00,2026-04-29T15:56:01-07:00,2,35
projects/projects.js,92,js,5b03925a,Lyn Mansfield,2026-04-29,15:32:29,-07:00,2026-04-29T15:32:29-07:00,0,1
projects/projects.js,93,js,5b03925a,Lyn Mansfield,2026-04-29,15:32:29,-07:00,2026-04-29T15:32:29-07:00,0,0
projects/projects.js,94,js,4e9cc1b3,Lyn Mansfield,2026-04-29,15:56:01,-07:00,2026-04-29T15:56:01-07:00,0,45
projects/projects.js,95,js,22528d15,Lyn Mansfield,2026-04-29,14:49:28,-07:00,2026-04-29T14:49:28-07:00,2,54
projects/projects.js,96,js,5b03925a,Lyn Mansfield,2026-04-29,15:32:29,-07:00,2026-04-29T15:32:29-07:00,4,12
projects/projects.js,97,js,e6d3f87b,Lyn Mansfield,2026-04-29,12:27:45,-07:00,2026-04-29T12:27:45-07:00,4,59
projects/projects.js,98,js,5b03925a,Lyn Mansfield,2026-04-29,15:32:29,-07:00,2026-04-29T15:32:29-07:00,4,59
projects/projects.js,99,js,5b03925a,Lyn Mansfield,2026-04-29,15:32:29,-07:00,2026-04-29T15:32:29-07:00,0,0
projects/projects.js,100,js,5b03925a,Lyn Mansfield,2026-04-29,15:32:29,-07:00,2026-04-29T15:32:29-07:00,4,12
projects/projects.js,101,js,2618c83b,Lyn Mansfield,2026-04-29,15:42:39,-07:00,2026-04-29T15:42:39-07:00,4,71
projects/projects.js,102,js,6062e38f,Lyn Mansfield,2026-04-29,15:44:57,-07:00,2026-04-29T15:44:57-07:00,4,24
projects/projects.js,103,js,6062e38f,Lyn Mansfield,2026-04-29,15:44:57,-07:00,2026-04-29T15:44:57-07:00,6,42
projects/projects.js,104,js,5b03925a,Lyn Mansfield,2026-04-29,15:32:29,-07:00,2026-04-29T15:32:29-07:00,4,0
projects/projects.js,105,js,5b03925a,Lyn Mansfield,2026-04-29,15:32:29,-07:00,2026-04-29T15:32:29-07:00,4,0
projects/projects.js,106,js,5b03925a,Lyn Mansfield,2026-04-29,15:32:29,-07:00,2026-04-29T15:32:29-07:00,4,32
projects/projects.js,107,js,e6d3f87b,Lyn Mansfield,2026-04-29,12:27:45,-07:00,2026-04-29T12:27:45-07:00,2,1
projects/projects.js,108,js,e6d3f87b,Lyn Mansfield,2026-04-29,12:27:45,-07:00,2026-04-29T12:27:45-07:00,2,25
projects/projects.js,109,js,4e9cc1b3,Lyn Mansfield,2026-04-29,15:56:01,-07:00,2026-04-29T15:56:01-07:00,2,32
projects/projects.js,110,js,4e9cc1b3,Lyn Mansfield,2026-04-29,15:56:01,-07:00,2026-04-29T15:56:01-07:00,4,92
projects/projects.js,111,js,4e9cc1b3,Lyn Mansfield,2026-04-29,15:56:01,-07:00,2026-04-29T15:56:01-07:00,2,0
projects/projects.js,112,js,e6d3f87b,Lyn Mansfield,2026-04-29,12:27:45,-07:00,2026-04-29T12:27:45-07:00,2,56
projects/projects.js,113,js,5b03925a,Lyn Mansfield,2026-04-29,15:32:29,-07:00,2026-04-29T15:32:29-07:00,0,0
projects/projects.js,114,js,3e8179df,Lyn Mansfield,2026-04-29,10:59:43,-07:00,2026-04-29T10:59:43-07:00,0,0
projects/projects.js,115,js,26924fb3,Lyn Mansfield,2026-04-27,15:19:23,-07:00,2026-04-27T15:19:23-07:00,0,27
projects/projects.js,116,js,852a6b54,Lyn Mansfield,2026-04-29,13:04:11,-07:00,2026-04-29T13:04:11-07:00,0,58
projects/projects.js,117,js,5b7fe6b3,Lyn Mansfield,2026-04-21,18:15:21,-07:00,2026-04-21T18:15:21-07:00,0,13
projects/projects.js,118,js,9ccaff48,Lyn Mansfield,2026-04-29,13:06:34,-07:00,2026-04-29T13:06:34-07:00,0,42
projects/projects.js,119,js,4d0db719,Lyn Mansfield,2026-04-21,18:35:32,-07:00,2026-04-21T18:35:32-07:00,0,60
projects/projects.js,120,js,bbd3a2fe,Lyn Mansfield,2026-04-21,18:48:07,-07:00,2026-04-21T18:48:07-07:00,0,48
projects/projects.js,121,js,ecd18ad6,Lyn Mansfield,2026-04-29,14:47:07,-07:00,2026-04-29T14:47:07-07:00,0,38
projects/projects.js,122,js,0fa9e7ab,Lyn Mansfield,2026-04-21,17:27:06,-07:00,2026-04-21T17:27:06-07:00,0,60
projects/projects.js,123,js,852a6b54,Lyn Mansfield,2026-04-29,13:04:11,-07:00,2026-04-29T13:04:11-07:00,0,26
projects/projects.js,124,js,ecd18ad6,Lyn Mansfield,2026-04-29,14:47:07,-07:00,2026-04-29T14:47:07-07:00,0,51
projects/index.html,1,html,9c4fd973,Lyn Mansfield,2026-04-01,13:00:01,-07:00,2026-04-01T13:00:01-07:00,0,13
projects/index.html,2,html,9c4fd973,Lyn Mansfield,2026-04-01,13:00:01,-07:00,2026-04-01T13:00:01-07:00,0,14
projects/index.html,3,html,9c4fd973,Lyn Mansfield,2026-04-01,13:00:01,-07:00,2026-04-01T13:00:01-07:00,0,4
projects/index.html,4,html,9c4fd973,Lyn Mansfield,2026-04-01,13:00:01,-07:00,2026-04-01T13:00:01-07:00,2,20
projects/index.html,5,html,9c4fd973,Lyn Mansfield,2026-04-01,13:00:01,-07:00,2026-04-01T13:00:01-07:00,2,68
projects/index.html,6,html,9c4fd973,Lyn Mansfield,2026-04-01,13:00:01,-07:00,2026-04-01T13:00:01-07:00,2,21
projects/index.html,7,html,62c1a2a1,Lyn Mansfield,2026-04-02,16:36:32,-07:00,2026-04-02T16:36:32-07:00,2,41
projects/index.html,8,html,7b6d29db,Lyn Mansfield,2026-04-21,17:28:26,-07:00,2026-04-21T17:28:26-07:00,2,48
projects/index.html,9,html,7b6d29db,Lyn Mansfield,2026-04-21,17:28:26,-07:00,2026-04-21T17:28:26-07:00,2,47
projects/index.html,10,html,9c4fd973,Lyn Mansfield,2026-04-01,13:00:01,-07:00,2026-04-01T13:00:01-07:00,0,5
projects/index.html,11,html,9c4fd973,Lyn Mansfield,2026-04-01,13:00:01,-07:00,2026-04-01T13:00:01-07:00,0,4
projects/index.html,12,html,5b7fe6b3,Lyn Mansfield,2026-04-21,18:15:21,-07:00,2026-04-21T18:15:21-07:00,2,34
projects/index.html,13,html,2dccb304,Lyn Mansfield,2026-04-27,15:12:54,-07:00,2026-04-27T15:12:54-07:00,0,0
projects/index.html,14,html,76dedb27,Lyn Mansfield,2026-04-29,20:29:43,-07:00,2026-04-29T20:29:43-07:00,2,15
projects/index.html,15,html,5a28515e,Lyn Mansfield,2026-04-27,16:17:27,-07:00,2026-04-27T16:17:27-07:00,4,58
projects/index.html,16,html,7bc64116,Lyn Mansfield,2026-04-29,16:21:18,-07:00,2026-04-29T16:21:18-07:00,4,22
projects/index.html,17,html,75049c5b,Lyn Mansfield,2026-04-28,12:41:48,-07:00,2026-04-28T12:41:48-07:00,2,4
projects/index.html,18,html,7bc64116,Lyn Mansfield,2026-04-29,16:21:18,-07:00,2026-04-29T16:21:18-07:00,0,0
projects/index.html,19,html,76dedb27,Lyn Mansfield,2026-04-29,20:29:43,-07:00,2026-04-29T20:29:43-07:00,2,15
projects/index.html,20,html,76dedb27,Lyn Mansfield,2026-04-29,20:29:43,-07:00,2026-04-29T20:29:43-07:00,4,4
projects/index.html,21,html,76dedb27,Lyn Mansfield,2026-04-29,20:29:43,-07:00,2026-04-29T20:29:43-07:00,6,15
projects/index.html,22,html,76dedb27,Lyn Mansfield,2026-04-29,20:29:43,-07:00,2026-04-29T20:29:43-07:00,6,11
projects/index.html,23,html,76dedb27,Lyn Mansfield,2026-04-29,20:29:43,-07:00,2026-04-29T20:29:43-07:00,6,26
projects/index.html,24,html,76dedb27,Lyn Mansfield,2026-04-29,20:29:43,-07:00,2026-04-29T20:29:43-07:00,6,31
projects/index.html,25,html,76dedb27,Lyn Mansfield,2026-04-29,20:29:43,-07:00,2026-04-29T20:29:43-07:00,4,0
projects/index.html,26,html,1527fac9,Lyn Mansfield,2026-04-30,11:29:48,-07:00,2026-04-30T11:29:48-07:00,4,116
projects/index.html,27,html,76dedb27,Lyn Mansfield,2026-04-29,20:29:43,-07:00,2026-04-29T20:29:43-07:00,2,4
projects/index.html,28,html,1527fac9,Lyn Mansfield,2026-04-30,11:29:48,-07:00,2026-04-30T11:29:48-07:00,0,0
projects/index.html,29,html,7b6d29db,Lyn Mansfield,2026-04-21,17:28:26,-07:00,2026-04-21T17:28:26-07:00,2,26
projects/index.html,30,html,9c4fd973,Lyn Mansfield,2026-04-01,13:00:01,-07:00,2026-04-01T13:00:01-07:00,0,5
projects/index.html,31,html,9c4fd973,Lyn Mansfield,2026-04-01,13:00:01,-07:00,2026-04-01T13:00:01-07:00,0,5
meta/index.html,1,html,a9169892,Lyn Mansfield,2026-05-05,16:14:38,-07:00,2026-05-05T16:14:38-07:00,0,13
meta/index.html,2,html,a9169892,Lyn Mansfield,2026-05-05,16:14:38,-07:00,2026-05-05T16:14:38-07:00,0,14
meta/index.html,3,html,a9169892,Lyn Mansfield,2026-05-05,16:14:38,-07:00,2026-05-05T16:14:38-07:00,0,4
meta/index.html,4,html,a9169892,Lyn Mansfield,2026-05-05,16:14:38,-07:00,2026-05-05T16:14:38-07:00,2,20
meta/index.html,5,html,a9169892,Lyn Mansfield,2026-05-05,16:14:38,-07:00,2026-05-05T16:14:38-07:00,2,68
meta/index.html,6,html,a9169892,Lyn Mansfield,2026-05-05,16:14:38,-07:00,2026-05-05T16:14:38-07:00,2,21
meta/index.html,7,html,a9169892,Lyn Mansfield,2026-05-05,16:14:38,-07:00,2026-05-05T16:14:38-07:00,2,41
meta/index.html,8,html,a9169892,Lyn Mansfield,2026-05-05,16:14:38,-07:00,2026-05-05T16:14:38-07:00,2,48
meta/index.html,9,html,a9169892,Lyn Mansfield,2026-05-05,16:14:38,-07:00,2026-05-05T16:14:38-07:00,0,5
meta/index.html,10,html,a9169892,Lyn Mansfield,2026-05-05,16:14:38,-07:00,2026-05-05T16:14:38-07:00,0,4
meta/index.html,11,html,a9169892,Lyn Mansfield,2026-05-05,16:14:38,-07:00,2026-05-05T16:14:38-07:00,2,11
meta/index.html,12,html,a9169892,Lyn Mansfield,2026-05-05,16:14:38,-07:00,2026-05-05T16:14:38-07:00,0,0
meta/index.html,13,html,a9169892,Lyn Mansfield,2026-05-05,16:14:38,-07:00,2026-05-05T16:14:38-07:00,2,34
meta/index.html,14,html,a9169892,Lyn Mansfield,2026-05-05,16:14:38,-07:00,2026-05-05T16:14:38-07:00,0,5
meta/index.html,15,html,a9169892,Lyn Mansfield,2026-05-05,16:14:38,-07:00,2026-05-05T16:14:38-07:00,0,5
contact/index.html,1,html,8213b5d2,Lyn Mansfield,2026-04-01,12:56:48,-07:00,2026-04-01T12:56:48-07:00,0,13
contact/index.html,2,html,8213b5d2,Lyn Mansfield,2026-04-01,12:56:48,-07:00,2026-04-01T12:56:48-07:00,0,14
contact/index.html,3,html,8213b5d2,Lyn Mansfield,2026-04-01,12:56:48,-07:00,2026-04-01T12:56:48-07:00,0,4
contact/index.html,4,html,8213b5d2,Lyn Mansfield,2026-04-01,12:56:48,-07:00,2026-04-01T12:56:48-07:00,2,20
contact/index.html,5,html,8213b5d2,Lyn Mansfield,2026-04-01,12:56:48,-07:00,2026-04-01T12:56:48-07:00,2,68
contact/index.html,6,html,8213b5d2,Lyn Mansfield,2026-04-01,12:56:48,-07:00,2026-04-01T12:56:48-07:00,2,20
contact/index.html,7,html,62c1a2a1,Lyn Mansfield,2026-04-02,16:36:32,-07:00,2026-04-02T16:36:32-07:00,2,41
contact/index.html,8,html,f353ace9,Lyn Mansfield,2026-04-13,13:05:12,-07:00,2026-04-13T13:05:12-07:00,2,48
contact/index.html,9,html,8213b5d2,Lyn Mansfield,2026-04-01,12:56:48,-07:00,2026-04-01T12:56:48-07:00,0,5
contact/index.html,10,html,8213b5d2,Lyn Mansfield,2026-04-01,12:56:48,-07:00,2026-04-01T12:56:48-07:00,0,4
contact/index.html,11,html,8213b5d2,Lyn Mansfield,2026-04-01,12:56:48,-07:00,2026-04-01T12:56:48-07:00,2,14
contact/index.html,12,html,987d4fa7,Lyn Mansfield,2026-04-01,14:56:56,-07:00,2026-04-01T14:56:56-07:00,0,0
contact/index.html,13,html,b0a8c03f,Lyn Mansfield,2026-04-14,16:11:59,-07:00,2026-04-14T16:11:59-07:00,2,53
contact/index.html,14,html,7dc375f0,Lyn Mansfield,2026-04-05,18:02:14,-07:00,2026-04-05T18:02:14-07:00,4,19
contact/index.html,15,html,7dc375f0,Lyn Mansfield,2026-04-05,18:02:14,-07:00,2026-04-05T18:02:14-07:00,6,6
contact/index.html,16,html,2062ab4a,Lyn Mansfield,2026-04-05,17:58:50,-07:00,2026-04-05T17:58:50-07:00,6,20
contact/index.html,17,html,2062ab4a,Lyn Mansfield,2026-04-05,17:58:50,-07:00,2026-04-05T17:58:50-07:00,4,6
contact/index.html,18,html,7dc375f0,Lyn Mansfield,2026-04-05,18:02:14,-07:00,2026-04-05T18:02:14-07:00,4,16
contact/index.html,19,html,7dc375f0,Lyn Mansfield,2026-04-05,18:02:14,-07:00,2026-04-05T18:02:14-07:00,6,6
contact/index.html,20,html,2062ab4a,Lyn Mansfield,2026-04-05,17:58:50,-07:00,2026-04-05T17:58:50-07:00,6,31
contact/index.html,21,html,2062ab4a,Lyn Mansfield,2026-04-05,17:58:50,-07:00,2026-04-05T17:58:50-07:00,4,6
contact/index.html,22,html,f649b91b,Lyn Mansfield,2026-04-01,14:57:49,-07:00,2026-04-01T14:57:49-07:00,4,21
contact/index.html,23,html,987d4fa7,Lyn Mansfield,2026-04-01,14:56:56,-07:00,2026-04-01T14:56:56-07:00,2,5
contact/index.html,24,html,8213b5d2,Lyn Mansfield,2026-04-01,12:56:48,-07:00,2026-04-01T12:56:48-07:00,0,5
contact/index.html,25,html,8213b5d2,Lyn Mansfield,2026-04-01,12:56:48,-07:00,2026-04-01T12:56:48-07:00,0,5
